user_id,average_purchase,purchase_frequency,presale_percent,cancellation_percent,MTB_electric,MTB_muscular,ROAD_electric,ROAD_muscular
0,1341,2,0.59,0.03,0.0,0.5,0.5,0.0
1,0,0,0.0,0.0,0.0,0.0,0.0,0.0
2,845,1,0.49,0.0,0.0,0.0,0.0,0.0
3,0,0,0.0,0.0,0.0,0.0,0.0,0.0
4,4227,7,0.54,0.04,0.20689655172413793,0.3103448275862069,0.3448275862068966,0.13793103448275862
5,3648,7,0.4,0.03,0.2,0.28,0.24,0.28
6,1963,1,0.53,0.02,0.0,0.0,0.0,1.0
7,1947,2,0.44,0.71,0.0,0.0,0.6666666666666666,0.3333333333333333
8,2830,8,0.47,0.01,0.3181818181818182,0.22727272727272727,0.18181818181818182,0.2727272727272727
9,20139,3,0.45,0.03,0.18333333333333332,0.23333333333333334,0.3,0.2833333333333333
10,4972,13,0.58,0.0,0.28125,0.171875,0.28125,0.265625
11,1643,2,0.48,0.78,0.6666666666666666,0.0,0.3333333333333333,0.0
12,1750,2,0.46,0.0,0.0,0.0,0.6666666666666666,0.3333333333333333
13,0,0,0.0,0.0,0.0,0.0,0.0,0.0
14,4274,11,0.52,0.04,0.19148936170212766,0.19148936170212766,0.2978723404255319,0.3191489361702128
15,0,0,0.0,0.0,0.0,0.0,0.0,0.0
16,21360,5,0.58,0.01,0.2641509433962264,0.3113207547169811,0.24528301886792453,0.1792452830188679
17,3010,8,0.4,0.02,0.3333333333333333,0.16666666666666666,0.20833333333333334,0.2916666666666667
18,21153,19,0.59,0.02,0.2144638403990025,0.2543640897755611,0.26683291770573564,0.26433915211970077
19,0,0,0.0,0.0,0.0,0.0,0.0,0.0
20,879,1,0.42,0.77,0.0,0.0,0.0,0.0
21,3405,14,0.45,0.02,0.2553191489361702,0.23404255319148937,0.3191489361702128,0.19148936170212766
22,0,0,0.0,0.0,0.0,0.0,0.0,0.0
23,27784,17,0.54,0.0,0.24152542372881355,0.24364406779661016,0.2330508474576271,0.2817796610169492
24,26906,18,0.58,0.02,0.25206611570247933,0.23760330578512398,0.24793388429752067,0.26239669421487605
25,23133,21,0.59,0.02,0.26597938144329897,0.2618556701030928,0.20824742268041238,0.2639175257731959
26,24322,16,0.48,0.03,0.2185089974293059,0.2467866323907455,0.2647814910025707,0.2699228791773779
27,1961,2,0.48,0.7,0.3333333333333333,0.3333333333333333,0.3333333333333333,0.0
28,4852,6,0.55,0.01,0.2413793103448276,0.27586206896551724,0.27586206896551724,0.20689655172413793
29,0,0,0.0,0.0,0.0,0.0,0.0,0.0
30,1075,1,0.44,0.04,0.0,0.0,0.0,1.0
31,3122,13,0.45,0.01,0.25,0.3,0.225,0.225
32,1455,1,0.53,0.0,0.0,1.0,0.0,0.0
33,29608,5,0.47,0.01,0.1891891891891892,0.2635135135135135,0.22972972972972974,0.31756756756756754
34,4968,12,0.48,0.02,0.2542372881355932,0.2542372881355932,0.2033898305084746,0.288135593220339
35,2978,6,0.51,0.03,0.35294117647058826,0.29411764705882354,0.11764705882352941,0.23529411764705882
36,2689,9,0.41,0.01,0.20833333333333334,0.5,0.08333333333333333,0.20833333333333334
37,4936,9,0.59,0.03,0.22727272727272727,0.3409090909090909,0.18181818181818182,0.25
38,21036,18,0.48,0.01,0.29365079365079366,0.26455026455026454,0.20899470899470898,0.2328042328042328
39,1776,2,0.45,0.02,0.3333333333333333,0.0,0.3333333333333333,0.3333333333333333
40,1459,2,0.56,0.78,1.0,0.0,0.0,0.0
41,1406,2,0.42,0.77,0.0,0.0,1.0,0.0
42,0,0,0.0,0.0,0.0,0.0,0.0,0.0
43,22901,28,0.44,0.04,0.30109204368174725,0.2698907956318253,0.23556942277691106,0.1934477379095164
44,4752,14,0.44,0.03,0.2878787878787879,0.2727272727272727,0.21212121212121213,0.22727272727272727
45,0,0,0.0,0.0,0.0,0.0,0.0,0.0
46,3401,10,0.56,0.04,0.2647058823529412,0.14705882352941177,0.29411764705882354,0.29411764705882354
47,1709,2,0.53,0.04,0.0,0.0,0.3333333333333333,0.6666666666666666
48,3311,8,0.53,0.0,0.2692307692307692,0.19230769230769232,0.2692307692307692,0.2692307692307692
49,1275,2,0.4,0.77,0.5,0.5,0.0,0.0
50,3622,10,0.5,0.03,0.25,0.3333333333333333,0.19444444444444445,0.2222222222222222
51,0,0,0.0,0.0,0.0,0.0,0.0,0.0
52,964,1,0.44,0.77,0.0,0.0,0.0,0.0
53,0,0,0.0,0.0,0.0,0.0,0.0,0.0
54,20986,3,0.5,0.0,0.22580645161290322,0.22580645161290322,0.2903225806451613,0.25806451612903225
55,2642,7,0.51,0.0,0.16666666666666666,0.2777777777777778,0.2222222222222222,0.3333333333333333
56,4604,6,0.58,0.0,0.2222222222222222,0.2222222222222222,0.3333333333333333,0.2222222222222222
57,27326,26,0.42,0.01,0.2549295774647887,0.24366197183098592,0.24366197183098592,0.2577464788732394
58,22069,18,0.43,0.02,0.25692695214105793,0.26700251889168763,0.25440806045340053,0.2216624685138539
59,3326,12,0.58,0.04,0.23076923076923078,0.1794871794871795,0.3333333333333333,0.2564102564102564
60,29219,28,0.55,0.04,0.2616136919315403,0.2628361858190709,0.2334963325183374,0.24205378973105135
61,1381,2,0.46,0.74,0.0,0.0,0.0,1.0
62,1912,1,0.45,0.75,0.0,0.0,1.0,0.0
63,4138,12,0.58,0.0,0.3877551020408163,0.2653061224489796,0.16326530612244897,0.1836734693877551
64,3977,10,0.4,0.04,0.1794871794871795,0.23076923076923078,0.20512820512820512,0.38461538461538464
65,27110,5,0.41,0.03,0.23703703703703705,0.2222222222222222,0.26666666666666666,0.2740740740740741
66,23311,3,0.57,0.02,0.2608695652173913,0.18840579710144928,0.2753623188405797,0.2753623188405797
67,21764,28,0.46,0.01,0.24630541871921183,0.26929392446633826,0.23973727422003285,0.24466338259441708
68,999,1,0.5,0.0,0.0,0.0,0.0,0.0
69,1998,2,0.52,0.02,0.3333333333333333,0.3333333333333333,0.3333333333333333,0.0
70,26365,26,0.53,0.04,0.24233576642335766,0.24379562043795622,0.28029197080291973,0.23357664233576642
71,25142,29,0.47,0.04,0.2661179698216735,0.2085048010973937,0.2674897119341564,0.2578875171467764
72,0,0,0.0,0.0,0.0,0.0,0.0,0.0
73,4096,11,0.48,0.03,0.13333333333333333,0.28888888888888886,0.17777777777777778,0.4
74,1596,1,0.47,0.78,0.0,1.0,0.0,0.0
75,1172,1,0.45,0.04,1.0,0.0,0.0,0.0
76,25199,2,0.45,0.04,0.18,0.22,0.28,0.32
77,1045,2,0.57,0.71,0.0,0.0,0.5,0.5
78,3572,9,0.49,0.02,0.125,0.375,0.1875,0.3125
79,0,0,0.0,0.0,0.0,0.0,0.0,0.0
80,3684,11,0.44,0.02,0.325,0.2,0.225,0.25
81,3297,6,0.45,0.03,0.3684210526315789,0.2631578947368421,0.21052631578947367,0.15789473684210525
82,1083,1,0.5,0.77,0.0,0.0,0.0,1.0
83,21293,28,0.58,0.0,0.29194630872483224,0.2181208053691275,0.21644295302013422,0.27348993288590606
84,27223,2,0.51,0.0,0.2777777777777778,0.2222222222222222,0.24074074074074073,0.25925925925925924
85,23580,5,0.5,0.04,0.28205128205128205,0.23931623931623933,0.23931623931623933,0.23931623931623933
86,1134,2,0.54,0.03,0.5,0.0,0.0,0.5
87,1072,2,0.41,0.75,0.0,0.5,0.0,0.5
88,4780,10,0.51,0.01,0.1702127659574468,0.2127659574468085,0.3617021276595745,0.2553191489361702
89,1746,1,0.51,0.01,0.0,0.0,1.0,0.0
90,3902,14,0.42,0.03,0.37037037037037035,0.2037037037037037,0.2222222222222222,0.2037037037037037
91,0,0,0.0,0.0,0.0,0.0,0.0,0.0
92,23974,5,0.41,0.03,0.25210084033613445,0.25210084033613445,0.2773109243697479,0.2184873949579832
93,2817,7,0.44,0.02,0.2631578947368421,0.10526315789473684,0.2631578947368421,0.3684210526315789
94,4029,12,0.53,0.03,0.25,0.25,0.3333333333333333,0.16666666666666666
95,26501,3,0.59,0.04,0.22784810126582278,0.27848101265822783,0.2911392405063291,0.20253164556962025
96,25100,23,0.4,0.02,0.20797227036395147,0.27902946273830154,0.23570190641247835,0.2772963604852686
97,1595,2,0.54,0.04,0.0,0.6666666666666666,0.0,0.3333333333333333
98,29258,4,0.58,0.04,0.3418803418803419,0.19658119658119658,0.2222222222222222,0.23931623931623933
99,816,1,0.49,0.78,0.0,0.0,0.0,0.0
100,3953,12,0.53,0.03,0.23404255319148937,0.2127659574468085,0.19148936170212766,0.3617021276595745
101,2590,6,0.56,0.04,0.13333333333333333,0.2,0.4666666666666667,0.2
102,2859,7,0.46,0.04,0.25,0.25,0.2,0.3
103,1315,1,0.46,0.01,0.0,0.0,0.0,1.0
104,989,1,0.46,0.77,0.0,0.0,0.0,0.0
105,962,1,0.5,0.02,0.0,0.0,0.0,0.0
106,1540,2,0.58,0.74,0.3333333333333333,0.3333333333333333,0.3333333333333333,0.0
107,2888,6,0.52,0.02,0.29411764705882354,0.23529411764705882,0.23529411764705882,0.23529411764705882
108,1617,1,0.5,0.0,0.0,0.0,1.0,0.0
109,4621,7,0.53,0.0,0.21875,0.21875,0.25,0.3125
110,28832,2,0.47,0.02,0.2982456140350877,0.2807017543859649,0.21052631578947367,0.21052631578947367
111,1451,2,0.58,0.01,0.0,0.5,0.5,0.0
112,1031,1,0.5,0.73,0.0,0.0,0.0,1.0
113,1245,1,0.56,0.01,0.0,1.0,0.0,0.0
114,26755,20,0.47,0.04,0.2411214953271028,0.2616822429906542,0.23738317757009345,0.25981308411214954
115,4614,13,0.47,0.01,0.22033898305084745,0.2711864406779661,0.3389830508474576,0.1694915254237288
116,1831,1,0.42,0.74,0.0,0.0,0.0,1.0
117,2826,8,0.43,0.04,0.3181818181818182,0.09090909090909091,0.36363636363636365,0.22727272727272727
118,0,0,0.0,0.0,0.0,0.0,0.0,0.0
119,3237,11,0.51,0.04,0.37142857142857144,0.17142857142857143,0.2857142857142857,0.17142857142857143
120,1472,1,0.5,0.7,1.0,0.0,0.0,0.0
121,1220,2,0.58,0.75,0.0,0.0,1.0,0.0
122,841,1,0.53,0.74,0.0,0.0,0.0,0.0
123,22088,23,0.53,0.01,0.24606299212598426,0.27755905511811024,0.23818897637795275,0.23818897637795275
124,28420,4,0.47,0.04,0.19469026548672566,0.19469026548672566,0.3274336283185841,0.2831858407079646
125,1191,2,0.5,0.04,0.5,0.5,0.0,0.0
126,3609,13,0.43,0.03,0.30434782608695654,0.17391304347826086,0.2391304347826087,0.2826086956521739
127,26787,2,0.44,0.04,0.3018867924528302,0.2641509433962264,0.22641509433962265,0.20754716981132076
128,1063,2,0.48,0.75,0.0,0.0,0.0,1.0
129,2671,6,0.56,0.0,0.25,0.125,0.25,0.375
130,28921,18,0.47,0.02,0.24807692307692308,0.27307692307692305,0.24807692307692308,0.23076923076923078
131,4442,8,0.41,0.04,0.2857142857142857,0.2571428571428571,0.2857142857142857,0.17142857142857143
132,2902,12,0.59,0.02,0.23529411764705882,0.3235294117647059,0.11764705882352941,0.3235294117647059
133,24223,2,0.54,0.04,0.125,0.2916666666666667,0.22916666666666666,0.3541666666666667
134,0,0,0.0,0.0,0.0,0.0,0.0,0.0
135,4546,11,0.46,0.02,0.22,0.26,0.34,0.18
136,4782,12,0.58,0.02,0.24561403508771928,0.3333333333333333,0.22807017543859648,0.19298245614035087
137,940,2,0.49,0.02,0.0,1.0,0.0,0.0
138,4667,7,0.5,0.01,0.28125,0.34375,0.1875,0.1875
139,1671,2,0.42,0.01,0.0,0.3333333333333333,0.6666666666666666,0.0
140,4277,14,0.48,0.02,0.2711864406779661,0.1694915254237288,0.3559322033898305,0.2033898305084746
141,26627,27,0.48,0.02,0.25348189415041783,0.2479108635097493,0.24373259052924792,0.25487465181058494
142,2549,14,0.49,0.04,0.2,0.22857142857142856,0.4,0.17142857142857143
143,24038,19,0.57,0.04,0.23684210526315788,0.2894736842105263,0.23464912280701755,0.23903508771929824
144,0,0,0.0,0.0,0.0,0.0,0.0,0.0
145,25963,26,0.44,0.01,0.2637037037037037,0.2237037037037037,0.2607407407407407,0.2518518518518518
146,1795,1,0.47,0.75,0.0,1.0,0.0,0.0
147,2516,10,0.58,0.04,0.32,0.32,0.32,0.04
148,0,0,0.0,0.0,0.0,0.0,0.0,0.0
149,3665,6,0.54,0.02,0.2857142857142857,0.3333333333333333,0.2857142857142857,0.09523809523809523
150,25334,22,0.45,0.01,0.2639138240574506,0.2585278276481149,0.22262118491921004,0.25493716337522443
151,24584,3,0.48,0.04,0.1917808219178082,0.2191780821917808,0.273972602739726,0.3150684931506849
152,4062,9,0.43,0.03,0.1111111111111111,0.16666666666666666,0.3333333333333333,0.3888888888888889
153,1655,2,0.44,0.78,0.3333333333333333,0.0,0.3333333333333333,0.3333333333333333
154,4023,12,0.43,0.01,0.1875,0.25,0.20833333333333334,0.3541666666666667
155,1951,1,0.47,0.04,0.0,1.0,0.0,0.0
156,4150,9,0.55,0.01,0.16216216216216217,0.32432432432432434,0.2972972972972973,0.21621621621621623
157,0,0,0.0,0.0,0.0,0.0,0.0,0.0
158,0,0,0.0,0.0,0.0,0.0,0.0,0.0
159,885,1,0.47,0.04,0.0,0.0,0.0,0.0
160,0,0,0.0,0.0,0.0,0.0,0.0,0.0
161,1638,1,0.45,0.01,0.0,0.0,0.0,1.0
162,22834,2,0.4,0.01,0.17777777777777778,0.24444444444444444,0.35555555555555557,0.2222222222222222
163,841,1,0.57,0.75,0.0,0.0,0.0,0.0
164,4210,6,0.58,0.0,0.16,0.12,0.44,0.28
165,970,1,0.45,0.73,0.0,0.0,0.0,0.0
166,3031,6,0.51,0.04,0.2222222222222222,0.3333333333333333,0.2222222222222222,0.2222222222222222
167,22244,5,0.48,0.01,0.23423423423423423,0.23423423423423423,0.27927927927927926,0.25225225225225223
168,3680,10,0.53,0.04,0.1111111111111111,0.2777777777777778,0.3333333333333333,0.2777777777777778
169,1276,1,0.49,0.71,1.0,0.0,0.0,0.0
170,0,0,0.0,0.0,0.0,0.0,0.0,0.0
171,21046,19,0.54,0.04,0.20802005012531327,0.24310776942355888,0.2807017543859649,0.2681704260651629
172,4241,8,0.48,0.04,0.2727272727272727,0.24242424242424243,0.30303030303030304,0.18181818181818182
173,1839,1,0.57,0.74,1.0,0.0,0.0,0.0
174,1636,2,0.47,0.78,0.3333333333333333,0.0,0.3333333333333333,0.3333333333333333
175,1901,1,0.43,0.76,0.0,0.0,0.0,1.0
176,23022,3,0.52,0.04,0.30434782608695654,0.18840579710144928,0.2608695652173913,0.2463768115942029
177,1354,1,0.58,0.04,0.0,1.0,0.0,0.0
178,4704,8,0.43,0.04,0.2972972972972973,0.1891891891891892,0.21621621621621623,0.2972972972972973
179,0,0,0.0,0.0,0.0,0.0,0.0,0.0
180,1669,1,0.4,0.02,0.0,0.0,0.0,1.0
181,20322,4,0.47,0.01,0.2222222222222222,0.2345679012345679,0.2345679012345679,0.30864197530864196
182,3243,13,0.43,0.03,0.23809523809523808,0.35714285714285715,0.23809523809523808,0.16666666666666666
183,25267,23,0.44,0.02,0.23580034423407917,0.24784853700516352,0.2685025817555938,0.24784853700516352
184,2657,12,0.41,0.0,0.2903225806451613,0.1935483870967742,0.22580645161290322,0.2903225806451613
185,22294,20,0.57,0.0,0.2651685393258427,0.2157303370786517,0.23595505617977527,0.28314606741573034
186,1269,2,0.45,0.0,0.0,0.5,0.0,0.5
187,3530,11,0.47,0.02,0.18421052631578946,0.2631578947368421,0.2894736842105263,0.2631578947368421
188,20453,3,0.58,0.04,0.3114754098360656,0.32786885245901637,0.14754098360655737,0.21311475409836064
189,0,0,0.0,0.0,0.0,0.0,0.0,0.0
190,4700,7,0.51,0.01,0.34375,0.125,0.125,0.40625
191,3679,12,0.51,0.01,0.22727272727272727,0.22727272727272727,0.2727272727272727,0.2727272727272727
192,28652,25,0.51,0.03,0.2807262569832402,0.2276536312849162,0.2388268156424581,0.2527932960893855
193,0,0,0.0,0.0,0.0,0.0,0.0,0.0
194,22235,19,0.58,0.01,0.26540284360189575,0.27488151658767773,0.22748815165876776,0.23222748815165878
195,3553,11,0.59,0.01,0.2564102564102564,0.1282051282051282,0.3076923076923077,0.3076923076923077
196,1821,2,0.43,0.74,0.0,0.0,0.6666666666666666,0.3333333333333333
197,1578,2,0.54,0.72,0.0,0.3333333333333333,0.0,0.6666666666666666
198,26975,2,0.57,0.04,0.32075471698113206,0.33962264150943394,0.20754716981132076,0.1320754716981132
199,3127,13,0.49,0.04,0.2,0.25,0.375,0.175
200,1811,2,0.48,0.0,0.6666666666666666,0.0,0.3333333333333333,0.0
201,1276,2,0.44,0.01,0.5,0.5,0.0,0.0
202,851,1,0.47,0.0,0.0,0.0,0.0,0.0
203,3218,10,0.5,0.02,0.40625,0.21875,0.1875,0.1875
204,1503,1,0.53,0.01,0.0,1.0,0.0,0.0
205,24395,19,0.55,0.04,0.23974082073434125,0.27429805615550756,0.23974082073434125,0.24622030237580994
206,999,1,0.48,0.78,0.0,0.0,0.0,0.0
207,4651,13,0.57,0.03,0.18333333333333332,0.3,0.25,0.26666666666666666
208,4257,8,0.41,0.03,0.23529411764705882,0.17647058823529413,0.4117647058823529,0.17647058823529413
209,945,1,0.43,0.79,0.0,0.0,0.0,0.0
210,0,0,0.0,0.0,0.0,0.0,0.0,0.0
211,3200,7,0.57,0.02,0.2727272727272727,0.2727272727272727,0.22727272727272727,0.22727272727272727
212,3109,14,0.57,0.02,0.2558139534883721,0.2558139534883721,0.3488372093023256,0.13953488372093023
213,1018,1,0.47,0.76,0.0,0.0,0.0,1.0
214,29680,20,0.55,0.01,0.2327150084317032,0.23102866779089376,0.28499156829679595,0.25126475548060706
215,0,0,0.0,0.0,0.0,0.0,0.0,0.0
216,23649,2,0.4,0.04,0.2127659574468085,0.2127659574468085,0.3404255319148936,0.23404255319148937
217,1243,2,0.54,0.04,0.0,0.5,0.5,0.0
218,0,0,0.0,0.0,0.0,0.0,0.0,0.0
219,3746,10,0.4,0.0,0.1891891891891892,0.13513513513513514,0.2702702702702703,0.40540540540540543
220,3096,7,0.51,0.03,0.2857142857142857,0.2857142857142857,0.23809523809523808,0.19047619047619047
221,4486,7,0.43,0.02,0.3225806451612903,0.25806451612903225,0.12903225806451613,0.2903225806451613
222,29587,25,0.56,0.0,0.2435723951285521,0.2476319350473613,0.2462787550744249,0.2625169147496617
223,3931,14,0.49,0.03,0.3090909090909091,0.16363636363636364,0.3090909090909091,0.21818181818181817
224,29969,4,0.44,0.01,0.23529411764705882,0.24369747899159663,0.29411764705882354,0.226890756302521
225,3906,8,0.49,0.01,0.1935483870967742,0.2903225806451613,0.25806451612903225,0.25806451612903225
226,1209,2,0.58,0.79,0.0,0.5,0.0,0.5
227,28711,24,0.42,0.03,0.2656023222060958,0.22931785195936139,0.251088534107402,0.2539912917271408
228,27627,5,0.41,0.02,0.2463768115942029,0.3188405797101449,0.2463768115942029,0.18840579710144928
229,1947,2,0.53,0.78,0.3333333333333333,0.0,0.6666666666666666,0.0
230,4235,12,0.51,0.01,0.2,0.24,0.24,0.32
231,4775,14,0.56,0.02,0.3333333333333333,0.24242424242424243,0.30303030303030304,0.12121212121212122
232,0,0,0.0,0.0,0.0,0.0,0.0,0.0
233,1918,2,0.45,0.74,0.6666666666666666,0.0,0.0,0.3333333333333333
234,0,0,0.0,0.0,0.0,0.0,0.0,0.0
235,4647,13,0.51,0.01,0.23333333333333334,0.3333333333333333,0.25,0.18333333333333332
236,22700,22,0.48,0.03,0.22244488977955912,0.2625250501002004,0.27054108216432865,0.24448897795591182
237,24578,27,0.58,0.01,0.26395173453996984,0.23529411764705882,0.2458521870286576,0.2549019607843137
238,1036,2,0.48,0.78,0.0,0.0,1.0,0.0
239,4614,9,0.46,0.0,0.17073170731707318,0.3170731707317073,0.2682926829268293,0.24390243902439024
240,1037,2,0.58,0.02,0.0,0.5,0.0,0.5
241,3980,13,0.4,0.04,0.29411764705882354,0.1568627450980392,0.3137254901960784,0.23529411764705882
242,1526,1,0.48,0.79,0.0,1.0,0.0,0.0
243,4438,11,0.48,0.0,0.1875,0.375,0.1875,0.25
244,26247,4,0.5,0.02,0.2980769230769231,0.19230769230769232,0.2980769230769231,0.21153846153846154
245,1716,1,0.41,0.77,0.0,0.0,1.0,0.0
246,4350,7,0.4,0.0,0.3333333333333333,0.3333333333333333,0.2,0.13333333333333333
247,1630,1,0.43,0.0,0.0,0.0,1.0,0.0
248,3469,8,0.58,0.04,0.37037037037037035,0.14814814814814814,0.3333333333333333,0.14814814814814814
249,4906,8,0.55,0.03,0.3076923076923077,0.3333333333333333,0.23076923076923078,0.1282051282051282
250,1059,2,0.5,0.73,0.0,0.0,0.5,0.5
251,25845,4,0.51,0.02,0.22330097087378642,0.2912621359223301,0.1941747572815534,0.2912621359223301
252,2721,11,0.53,0.0,0.3448275862068966,0.10344827586206896,0.3103448275862069,0.2413793103448276
253,21150,4,0.5,0.0,0.23809523809523808,0.20238095238095238,0.34523809523809523,0.21428571428571427
254,22094,17,0.43,0.01,0.248,0.22133333333333333,0.2773333333333333,0.25333333333333335
255,25076,4,0.52,0.04,0.3,0.32,0.16,0.22
256,0,0,0.0,0.0,0.0,0.0,0.0,0.0
257,2673,12,0.42,0.01,0.3125,0.1875,0.25,0.25
258,3532,12,0.51,0.04,0.21428571428571427,0.16666666666666666,0.2857142857142857,0.3333333333333333
259,849,1,0.59,0.77,0.0,0.0,0.0,0.0
260,3561,12,0.55,0.03,0.23809523809523808,0.2857142857142857,0.23809523809523808,0.23809523809523808
261,1106,2,0.41,0.74,0.0,1.0,0.0,0.0
262,20297,27,0.59,0.04,0.25547445255474455,0.21532846715328466,0.25,0.2791970802919708
263,4475,11,0.51,0.01,0.2653061224489796,0.2653061224489796,0.24489795918367346,0.22448979591836735
264,23215,18,0.44,0.03,0.2517985611510791,0.23501199040767387,0.26139088729016785,0.2517985611510791
265,26712,5,0.54,0.03,0.2631578947368421,0.3007518796992481,0.21052631578947367,0.22556390977443608
266,24163,26,0.44,0.02,0.25,0.2611464968152866,0.2531847133757962,0.2356687898089172
267,820,2,0.49,0.75,0.0,0.0,1.0,0.0
268,27510,3,0.56,0.02,0.24390243902439024,0.2073170731707317,0.21951219512195122,0.32926829268292684
269,3379,10,0.44,0.02,0.42424242424242425,0.15151515151515152,0.12121212121212122,0.30303030303030304
270,25017,2,0.53,0.0,0.18,0.22,0.24,0.36
271,0,0,0.0,0.0,0.0,0.0,0.0,0.0
272,20307,19,0.45,0.02,0.22597402597402597,0.23896103896103896,0.2649350649350649,0.2701298701298701
273,3153,13,0.49,0.02,0.35,0.225,0.15,0.275
274,3483,11,0.42,0.01,0.18421052631578946,0.2631578947368421,0.2894736842105263,0.2631578947368421
275,28455,26,0.49,0.03,0.2828146143437077,0.2273342354533153,0.2395128552097429,0.2503382949932341
276,1085,2,0.5,0.78,0.0,0.5,0.5,0.0
277,841,2,0.57,0.74,0.0,0.0,0.0,1.0
278,4842,10,0.58,0.02,0.3125,0.1875,0.1875,0.3125
279,0,0,0.0,0.0,0.0,0.0,0.0,0.0
280,832,2,0.46,0.75,0.0,1.0,0.0,0.0
281,3543,14,0.49,0.01,0.2653061224489796,0.1836734693877551,0.30612244897959184,0.24489795918367346
282,907,1,0.56,0.7,0.0,0.0,0.0,0.0
283,28719,5,0.55,0.01,0.25874125874125875,0.1958041958041958,0.27972027972027974,0.26573426573426573
284,4749,13,0.45,0.04,0.22950819672131148,0.36065573770491804,0.21311475409836064,0.19672131147540983
285,24953,29,0.42,0.03,0.24066390041493776,0.2946058091286307,0.24896265560165975,0.2157676348547718
286,22783,4,0.48,0.0,0.26373626373626374,0.25274725274725274,0.23076923076923078,0.25274725274725274
287,20489,4,0.46,0.04,0.30864197530864196,0.2839506172839506,0.12345679012345678,0.2839506172839506
288,0,0,0.0,0.0,0.0,0.0,0.0,0.0
289,3265,7,0.59,0.03,0.2727272727272727,0.4090909090909091,0.09090909090909091,0.22727272727272727
290,1284,2,0.48,0.0,0.5,0.0,0.5,0.0
291,1124,2,0.58,0.77,0.5,0.0,0.0,0.5
292,21833,4,0.58,0.01,0.22988505747126436,0.2413793103448276,0.28735632183908044,0.2413793103448276
293,3804,13,0.5,0.04,0.2653061224489796,0.12244897959183673,0.2857142857142857,0.32653061224489793
294,25471,5,0.52,0.04,0.2440944881889764,0.2992125984251969,0.1889763779527559,0.2677165354330709
295,29105,2,0.55,0.03,0.25862068965517243,0.3103448275862069,0.25862068965517243,0.1724137931034483
296,4102,9,0.54,0.03,0.16666666666666666,0.3888888888888889,0.2222222222222222,0.2222222222222222
297,1691,2,0.59,0.72,0.3333333333333333,0.0,0.3333333333333333,0.3333333333333333
298,26568,4,0.5,0.03,0.22641509433962265,0.24528301886792453,0.1792452830188679,0.3490566037735849
299,1012,2,0.44,0.0,0.5,0.5,0.0,0.0
300,856,2,0.45,0.7,0.0,0.0,0.0,1.0
301,26218,21,0.5,0.04,0.2509090909090909,0.24363636363636362,0.22363636363636363,0.2818181818181818
302,1380,1,0.53,0.02,1.0,0.0,0.0,0.0
303,28197,4,0.46,0.0,0.23214285714285715,0.25892857142857145,0.22321428571428573,0.2857142857142857
304,1050,1,0.55,0.73,0.0,0.0,0.0,1.0
305,3800,8,0.41,0.03,0.13333333333333333,0.36666666666666664,0.26666666666666666,0.23333333333333334
306,20329,2,0.49,0.04,0.225,0.325,0.275,0.175
307,27549,5,0.54,0.04,0.23357664233576642,0.2773722627737226,0.2116788321167883,0.2773722627737226
308,3675,12,0.43,0.02,0.25,0.13636363636363635,0.3409090909090909,0.2727272727272727
309,0,0,0.0,0.0,0.0,0.0,0.0,0.0
310,1208,1,0.44,0.04,0.0,0.0,0.0,1.0
311,3699,14,0.41,0.04,0.3333333333333333,0.21568627450980393,0.17647058823529413,0.27450980392156865
312,0,0,0.0,0.0,0.0,0.0,0.0,0.0
313,28526,3,0.55,0.04,0.2235294117647059,0.1411764705882353,0.27058823529411763,0.36470588235294116
314,26382,2,0.51,0.01,0.17307692307692307,0.21153846153846154,0.38461538461538464,0.23076923076923078
315,1251,1,0.52,0.7,1.0,0.0,0.0,0.0
316,2883,6,0.54,0.04,0.0,0.47058823529411764,0.23529411764705882,0.29411764705882354
317,3385,13,0.51,0.02,0.38636363636363635,0.29545454545454547,0.1590909090909091,0.1590909090909091
318,4102,8,0.4,0.01,0.34375,0.1875,0.3125,0.15625
319,26436,21,0.53,0.04,0.2702702702702703,0.23063063063063063,0.25405405405405407,0.24504504504504504
320,2991,10,0.58,0.03,0.20689655172413793,0.2413793103448276,0.3103448275862069,0.2413793103448276
321,29952,25,0.57,0.02,0.25935828877005346,0.25267379679144386,0.25133689839572193,0.23663101604278075
322,25413,5,0.49,0.04,0.1968503937007874,0.2992125984251969,0.2755905511811024,0.2283464566929134
323,1751,2,0.52,0.01,0.3333333333333333,0.3333333333333333,0.3333333333333333,0.0
324,21954,4,0.46,0.04,0.1839080459770115,0.3103448275862069,0.25287356321839083,0.25287356321839083
325,23513,21,0.48,0.0,0.24949290060851928,0.23732251521298176,0.2434077079107505,0.2697768762677485
326,0,0,0.0,0.0,0.0,0.0,0.0,0.0
327,4575,9,0.48,0.0,0.3170731707317073,0.0975609756097561,0.2926829268292683,0.2926829268292683
328,26895,25,0.5,0.04,0.25744047619047616,0.23511904761904762,0.27232142857142855,0.23511904761904762
329,3848,14,0.53,0.01,0.24528301886792453,0.2641509433962264,0.2830188679245283,0.20754716981132076
330,4844,9,0.5,0.0,0.20930232558139536,0.32558139534883723,0.20930232558139536,0.2558139534883721
331,4268,12,0.41,0.02,0.3137254901960784,0.37254901960784315,0.1568627450980392,0.1568627450980392
332,24873,2,0.53,0.03,0.2653061224489796,0.20408163265306123,0.20408163265306123,0.32653061224489793
333,1114,2,0.55,0.01,0.0,1.0,0.0,0.0
334,2777,8,0.52,0.01,0.3181818181818182,0.3181818181818182,0.3181818181818182,0.045454545454545456
335,4933,12,0.4,0.03,0.2711864406779661,0.1864406779661017,0.288135593220339,0.2542372881355932
336,24764,5,0.43,0.04,0.3008130081300813,0.25203252032520324,0.24390243902439024,0.2032520325203252
337,4883,9,0.55,0.04,0.3488372093023256,0.3023255813953488,0.16279069767441862,0.18604651162790697
338,2703,7,0.58,0.04,0.3333333333333333,0.1111111111111111,0.3888888888888889,0.16666666666666666
339,29684,3,0.42,0.01,0.11235955056179775,0.25842696629213485,0.2247191011235955,0.4044943820224719
340,20764,27,0.54,0.02,0.26785714285714285,0.25,0.24464285714285713,0.2375
341,1905,1,0.54,0.77,0.0,1.0,0.0,0.0
342,1673,2,0.43,0.73,0.0,0.0,0.3333333333333333,0.6666666666666666
343,3459,8,0.42,0.0,0.25925925925925924,0.2222222222222222,0.18518518518518517,0.3333333333333333
344,29956,3,0.45,0.02,0.4044943820224719,0.21348314606741572,0.2247191011235955,0.15730337078651685
345,3779,11,0.57,0.02,0.21951219512195122,0.2926829268292683,0.17073170731707318,0.3170731707317073
346,0,0,0.0,0.0,0.0,0.0,0.0,0.0
347,1848,1,0.49,0.0,0.0,1.0,0.0,0.0
348,0,0,0.0,0.0,0.0,0.0,0.0,0.0
349,22465,3,0.53,0.04,0.31343283582089554,0.14925373134328357,0.23880597014925373,0.29850746268656714
350,1376,2,0.58,0.0,0.0,0.5,0.0,0.5
351,1646,2,0.4,0.72,0.6666666666666666,0.0,0.0,0.3333333333333333
352,3083,13,0.48,0.04,0.175,0.275,0.375,0.175
353,1267,2,0.54,0.76,0.5,0.5,0.0,0.0
354,4431,9,0.55,0.04,0.20512820512820512,0.41025641025641024,0.2564102564102564,0.1282051282051282
355,1858,2,0.57,0.02,0.0,0.0,0.3333333333333333,0.6666666666666666
356,1614,2,0.59,0.03,0.6666666666666666,0.0,0.3333333333333333,0.0
357,20761,4,0.48,0.03,0.26506024096385544,0.24096385542168675,0.3132530120481928,0.18072289156626506
358,4915,12,0.5,0.03,0.2413793103448276,0.22413793103448276,0.29310344827586204,0.2413793103448276
359,2668,14,0.48,0.04,0.16216216216216217,0.32432432432432434,0.21621621621621623,0.2972972972972973
360,1608,2,0.5,0.79,0.0,0.0,0.3333333333333333,0.6666666666666666
361,2998,14,0.41,0.01,0.3170731707317073,0.1951219512195122,0.1951219512195122,0.2926829268292683
362,3322,8,0.41,0.04,0.23076923076923078,0.11538461538461539,0.5769230769230769,0.07692307692307693
363,3206,7,0.53,0.04,0.18181818181818182,0.2727272727272727,0.18181818181818182,0.36363636363636365
364,3015,14,0.4,0.0,0.30952380952380953,0.23809523809523808,0.19047619047619047,0.2619047619047619
365,28943,28,0.55,0.04,0.25925925925925924,0.2617283950617284,0.24814814814814815,0.2308641975308642
366,25873,5,0.41,0.01,0.2558139534883721,0.2558139534883721,0.2248062015503876,0.26356589147286824
367,1310,1,0.57,0.74,0.0,0.0,0.0,1.0
368,4389,6,0.4,0.0,0.11538461538461539,0.38461538461538464,0.34615384615384615,0.15384615384615385
369,1760,1,0.54,0.77,0.0,0.0,0.0,1.0
370,0,0,0.0,0.0,0.0,0.0,0.0,0.0
371,0,0,0.0,0.0,0.0,0.0,0.0,0.0
372,4201,12,0.54,0.02,0.26,0.3,0.2,0.24
373,2882,7,0.54,0.02,0.1,0.35,0.15,0.4
374,0,0,0.0,0.0,0.0,0.0,0.0,0.0
375,3082,13,0.52,0.01,0.3,0.25,0.2,0.25
376,4043,13,0.47,0.04,0.36538461538461536,0.17307692307692307,0.2692307692307692,0.19230769230769232
377,22294,24,0.55,0.04,0.23738317757009345,0.2504672897196262,0.2691588785046729,0.24299065420560748
378,25814,5,0.49,0.03,0.20155038759689922,0.3178294573643411,0.2558139534883721,0.2248062015503876
379,3488,9,0.41,0.01,0.25806451612903225,0.22580645161290322,0.25806451612903225,0.25806451612903225
380,27100,4,0.4,0.01,0.26851851851851855,0.25925925925925924,0.25925925925925924,0.21296296296296297
381,23749,16,0.47,0.02,0.28232189973614774,0.22955145118733508,0.22427440633245382,0.2638522427440633
382,26064,28,0.44,0.02,0.2606310013717421,0.2194787379972565,0.24142661179698216,0.2784636488340192
383,25720,25,0.47,0.04,0.2581648522550544,0.25194401244167963,0.27216174183514774,0.2177293934681182
384,1416,1,0.46,0.71,0.0,0.0,1.0,0.0
385,0,0,0.0,0.0,0.0,0.0,0.0,0.0
386,24653,26,0.57,0.02,0.25,0.2734375,0.2328125,0.24375
387,1454,2,0.58,0.73,0.0,0.0,1.0,0.0
388,20499,2,0.56,0.0,0.25,0.25,0.275,0.225
389,24691,2,0.49,0.03,0.3877551020408163,0.20408163265306123,0.20408163265306123,0.20408163265306123
390,1273,1,0.46,0.0,0.0,1.0,0.0,0.0
391,22674,27,0.45,0.04,0.24509803921568626,0.2581699346405229,0.25,0.24673202614379086
392,1025,2,0.47,0.71,0.5,0.0,0.5,0.0
393,1747,2,0.48,0.02,0.6666666666666666,0.0,0.3333333333333333,0.0
394,0,0,0.0,0.0,0.0,0.0,0.0,0.0
395,0,0,0.0,0.0,0.0,0.0,0.0,0.0
396,1550,1,0.49,0.0,1.0,0.0,0.0,0.0
397,27530,2,0.44,0.04,0.21818181818181817,0.3090909090909091,0.2727272727272727,0.2
398,1377,2,0.44,0.77,0.5,0.0,0.5,0.0
399,1572,1,0.58,0.0,0.0,1.0,0.0,0.0
400,1530,2,0.52,0.04,0.0,0.0,0.3333333333333333,0.6666666666666666
401,22739,18,0.56,0.0,0.24449877750611246,0.22493887530562348,0.2273838630806846,0.30317848410757947
402,1070,1,0.47,0.04,1.0,0.0,0.0,0.0
403,1626,1,0.59,0.71,0.0,0.0,0.0,1.0
404,23174,4,0.57,0.02,0.21739130434782608,0.31521739130434784,0.2391304347826087,0.22826086956521738
405,0,0,0.0,0.0,0.0,0.0,0.0,0.0
406,21123,3,0.56,0.03,0.20634920634920634,0.2698412698412698,0.25396825396825395,0.2698412698412698
407,3316,9,0.5,0.0,0.1724137931034483,0.3103448275862069,0.2413793103448276,0.27586206896551724
408,22766,2,0.47,0.02,0.3333333333333333,0.28888888888888886,0.17777777777777778,0.2
409,911,2,0.4,0.01,0.0,0.0,1.0,0.0
410,29865,18,0.44,0.01,0.24208566108007448,0.21601489757914338,0.29236499068901306,0.24953445065176907
411,1324,1,0.43,0.79,0.0,0.0,1.0,0.0
412,1106,1,0.52,0.04,1.0,0.0,0.0,0.0
413,28530,5,0.54,0.03,0.2535211267605634,0.18309859154929578,0.2746478873239437,0.2887323943661972
414,3965,8,0.45,0.03,0.1935483870967742,0.3548387096774194,0.3225806451612903,0.12903225806451613
415,29952,24,0.43,0.02,0.25348189415041783,0.2576601671309192,0.2618384401114206,0.22701949860724233
416,1430,1,0.47,0.76,0.0,0.0,1.0,0.0
417,1441,2,0.5,0.02,0.0,0.5,0.0,0.5
418,3839,13,0.43,0.0,0.2857142857142857,0.22448979591836735,0.32653061224489793,0.16326530612244897
419,0,0,0.0,0.0,0.0,0.0,0.0,0.0
420,3908,13,0.56,0.04,0.2,0.24,0.38,0.18
421,0,0,0.0,0.0,0.0,0.0,0.0,0.0
422,24819,5,0.5,0.02,0.2903225806451613,0.20967741935483872,0.25,0.25
423,21950,26,0.53,0.03,0.24561403508771928,0.2649122807017544,0.22807017543859648,0.2614035087719298
424,1526,1,0.49,0.78,0.0,0.0,1.0,0.0
425,3407,11,0.46,0.03,0.2702702702702703,0.21621621621621623,0.13513513513513514,0.3783783783783784
426,0,0,0.0,0.0,0.0,0.0,0.0,0.0
427,0,0,0.0,0.0,0.0,0.0,0.0,0.0
428,1285,2,0.51,0.77,0.0,0.0,0.5,0.5
429,1182,1,0.47,0.75,0.0,1.0,0.0,0.0
430,28891,24,0.57,0.01,0.2453102453102453,0.26551226551226553,0.240981240981241,0.2481962481962482
431,4721,12,0.49,0.0,0.25,0.23214285714285715,0.19642857142857142,0.32142857142857145
432,22478,21,0.51,0.04,0.25,0.2775423728813559,0.23516949152542374,0.23728813559322035
433,3382,6,0.42,0.02,0.25,0.25,0.2,0.3
434,4568,7,0.49,0.03,0.1935483870967742,0.22580645161290322,0.3225806451612903,0.25806451612903225
435,1482,2,0.44,0.0,0.5,0.5,0.0,0.0
436,1529,2,0.52,0.73,0.3333333333333333,0.0,0.3333333333333333,0.3333333333333333
437,3745,8,0.42,0.01,0.3103448275862069,0.27586206896551724,0.13793103448275862,0.27586206896551724
438,1588,2,0.48,0.78,0.6666666666666666,0.0,0.3333333333333333,0.0
439,0,0,0.0,0.0,0.0,0.0,0.0,0.0
440,1016,2,0.4,0.72,0.5,0.0,0.0,0.5
441,1838,1,0.57,0.03,1.0,0.0,0.0,0.0
442,3113,11,0.51,0.0,0.20588235294117646,0.2647058823529412,0.35294117647058826,0.17647058823529413
443,1792,1,0.46,0.79,0.0,0.0,1.0,0.0
444,894,1,0.5,0.71,0.0,0.0,0.0,0.0
445,25542,4,0.49,0.0,0.28431372549019607,0.24509803921568626,0.19607843137254902,0.27450980392156865
446,22603,20,0.41,0.04,0.2168141592920354,0.2743362831858407,0.24557522123893805,0.26327433628318586
447,25821,5,0.51,0.02,0.23255813953488372,0.27906976744186046,0.18604651162790697,0.3023255813953488
448,25645,2,0.51,0.02,0.3137254901960784,0.21568627450980393,0.2549019607843137,0.21568627450980393
449,4287,9,0.52,0.0,0.21052631578947367,0.2894736842105263,0.21052631578947367,0.2894736842105263
450,27866,5,0.57,0.01,0.2446043165467626,0.2517985611510791,0.2517985611510791,0.2517985611510791
451,1280,1,0.56,0.74,0.0,0.0,1.0,0.0
452,1656,1,0.49,0.04,0.0,0.0,0.0,1.0
453,21757,17,0.58,0.01,0.26558265582655827,0.26558265582655827,0.25474254742547425,0.2140921409214092
454,3957,9,0.5,0.03,0.42857142857142855,0.14285714285714285,0.22857142857142856,0.2
455,1338,1,0.5,0.74,0.0,0.0,1.0,0.0
456,28948,4,0.54,0.02,0.2,0.2782608695652174,0.2608695652173913,0.2608695652173913
457,4419,13,0.5,0.04,0.2982456140350877,0.22807017543859648,0.2807017543859649,0.19298245614035087
458,28466,2,0.44,0.02,0.21428571428571427,0.30357142857142855,0.19642857142857142,0.2857142857142857
459,21638,3,0.58,0.0,0.1875,0.140625,0.265625,0.40625
460,2517,10,0.5,0.01,0.2,0.28,0.16,0.36
461,4366,9,0.55,0.04,0.23076923076923078,0.28205128205128205,0.2564102564102564,0.23076923076923078
462,4209,6,0.48,0.0,0.32,0.2,0.24,0.24
463,3741,6,0.48,0.02,0.2727272727272727,0.22727272727272727,0.045454545454545456,0.45454545454545453
464,20856,19,0.56,0.01,0.21717171717171718,0.24494949494949494,0.2702020202020202,0.2676767676767677
465,4665,9,0.42,0.02,0.3170731707317073,0.1951219512195122,0.36585365853658536,0.12195121951219512
466,27412,4,0.4,0.0,0.3211009174311927,0.23853211009174313,0.21100917431192662,0.22935779816513763
467,2709,11,0.4,0.0,0.27586206896551724,0.20689655172413793,0.3448275862068966,0.1724137931034483
468,1218,1,0.59,0.0,0.0,1.0,0.0,0.0
469,29998,3,0.58,0.01,0.23595505617977527,0.33707865168539325,0.19101123595505617,0.23595505617977527
470,0,0,0.0,0.0,0.0,0.0,0.0,0.0
471,0,0,0.0,0.0,0.0,0.0,0.0,0.0
472,4087,7,0.42,0.01,0.2857142857142857,0.17857142857142858,0.2857142857142857,0.25
473,0,0,0.0,0.0,0.0,0.0,0.0,0.0
474,1739,1,0.44,0.02,0.0,0.0,0.0,1.0
475,29997,15,0.47,0.02,0.267260579064588,0.24944320712694878,0.2516703786191537,0.23162583518930957
476,1952,1,0.54,0.01,0.0,0.0,0.0,1.0
477,1842,1,0.42,0.04,0.0,0.0,1.0,0.0
478,1314,2,0.41,0.01,0.0,0.0,0.5,0.5
479,1098,1,0.44,0.75,0.0,0.0,0.0,1.0
480,23227,3,0.56,0.01,0.2608695652173913,0.2463768115942029,0.21739130434782608,0.2753623188405797
481,28682,29,0.56,0.02,0.28279181708784595,0.23826714801444043,0.24067388688327315,0.23826714801444043
482,25910,18,0.45,0.0,0.22103004291845493,0.259656652360515,0.2510729613733906,0.26824034334763946
483,1206,1,0.53,0.01,0.0,0.0,1.0,0.0
484,1377,1,0.55,0.77,1.0,0.0,0.0,0.0
485,3680,10,0.58,0.04,0.2777777777777778,0.3333333333333333,0.19444444444444445,0.19444444444444445
486,24582,5,0.41,0.0,0.26229508196721313,0.22131147540983606,0.3114754098360656,0.20491803278688525
487,20910,2,0.43,0.03,0.14634146341463414,0.24390243902439024,0.3170731707317073,0.2926829268292683
488,1717,1,0.55,0.03,0.0,0.0,1.0,0.0
489,3964,11,0.48,0.02,0.2558139534883721,0.37209302325581395,0.2558139534883721,0.11627906976744186
490,1605,1,0.54,0.73,1.0,0.0,0.0,0.0
491,1970,2,0.44,0.04,0.0,0.3333333333333333,0.6666666666666666,0.0
492,2540,14,0.46,0.01,0.2571428571428571,0.2857142857142857,0.2,0.2571428571428571
493,1916,2,0.59,0.79,0.3333333333333333,0.0,0.3333333333333333,0.3333333333333333
494,3059,6,0.49,0.0,0.1111111111111111,0.1111111111111111,0.4444444444444444,0.3333333333333333
495,2666,10,0.56,0.04,0.5769230769230769,0.11538461538461539,0.15384615384615385,0.15384615384615385
496,1640,2,0.44,0.0,0.0,0.3333333333333333,0.3333333333333333,0.3333333333333333
497,27702,2,0.5,0.02,0.12727272727272726,0.2545454545454545,0.3090909090909091,0.3090909090909091
498,22142,4,0.48,0.02,0.23863636363636365,0.2159090909090909,0.19318181818181818,0.3522727272727273
499,860,2,0.45,0.0,0.0,1.0,0.0,0.0
500,28908,3,0.47,0.04,0.27906976744186046,0.20930232558139536,0.2558139534883721,0.2558139534883721
501,1062,1,0.53,0.04,0.0,0.0,1.0,0.0
502,1195,2,0.5,0.03,0.0,0.5,0.5,0.0
503,3372,10,0.55,0.0,0.18181818181818182,0.15151515151515152,0.3333333333333333,0.3333333333333333
504,0,0,0.0,0.0,0.0,0.0,0.0,0.0
505,1280,2,0.47,0.03,0.5,0.0,0.0,0.5
506,1185,2,0.43,0.02,1.0,0.0,0.0,0.0
507,21064,15,0.4,0.02,0.2571428571428571,0.24444444444444444,0.25396825396825395,0.24444444444444444
508,1758,1,0.47,0.78,0.0,0.0,0.0,1.0
509,3983,8,0.41,0.04,0.1935483870967742,0.2903225806451613,0.25806451612903225,0.25806451612903225
510,1345,2,0.52,0.7,0.0,0.0,0.5,0.5
511,1994,2,0.54,0.02,0.0,0.3333333333333333,0.6666666666666666,0.0
512,25087,2,0.54,0.03,0.22,0.2,0.24,0.34
513,24351,27,0.52,0.0,0.2389649923896499,0.2557077625570776,0.2907153729071537,0.2146118721461187
514,24048,2,0.52,0.03,0.25,0.22916666666666666,0.2708333333333333,0.25
515,26856,5,0.58,0.0,0.22388059701492538,0.27611940298507465,0.23880597014925373,0.26119402985074625
516,3272,14,0.44,0.04,0.24444444444444444,0.08888888888888889,0.4,0.26666666666666666
517,26805,16,0.47,0.02,0.25934579439252337,0.26635514018691586,0.22897196261682243,0.24532710280373832
518,1880,1,0.5,0.7,0.0,0.0,0.0,1.0
519,28045,5,0.57,0.04,0.24285714285714285,0.21428571428571427,0.2571428571428571,0.2857142857142857
520,1329,2,0.48,0.04,0.5,0.0,0.0,0.5
521,1090,2,0.4,0.0,1.0,0.0,0.0,0.0
522,3110,7,0.53,0.02,0.42857142857142855,0.2857142857142857,0.14285714285714285,0.14285714285714285
523,4723,10,0.5,0.02,0.2765957446808511,0.23404255319148937,0.2765957446808511,0.2127659574468085
524,28792,4,0.54,0.04,0.21739130434782608,0.2608695652173913,0.22608695652173913,0.2956521739130435
525,1631,2,0.56,0.78,0.0,0.6666666666666666,0.0,0.3333333333333333
526,1650,1,0.52,0.74,0.0,0.0,1.0,0.0
527,1273,2,0.44,0.02,0.0,0.0,1.0,0.0
528,4038,9,0.55,0.02,0.2777777777777778,0.16666666666666666,0.3055555555555556,0.25
529,926,2,0.43,0.71,0.0,1.0,0.0,0.0
530,1729,1,0.54,0.76,0.0,0.0,0.0,1.0
531,1854,1,0.5,0.0,0.0,0.0,0.0,1.0
532,1921,2,0.53,0.03,0.3333333333333333,0.0,0.3333333333333333,0.3333333333333333
533,0,0,0.0,0.0,0.0,0.0,0.0,0.0
534,1568,2,0.57,0.01,0.3333333333333333,0.3333333333333333,0.3333333333333333,0.0
535,22861,5,0.42,0.04,0.21052631578947367,0.2807017543859649,0.2982456140350877,0.21052631578947367
536,25255,16,0.4,0.03,0.24257425742574257,0.26732673267326734,0.2301980198019802,0.2599009900990099
537,1118,1,0.4,0.7,0.0,1.0,0.0,0.0
538,1412,1,0.47,0.73,0.0,0.0,1.0,0.0
539,1519,2,0.41,0.02,0.3333333333333333,0.0,0.3333333333333333,0.3333333333333333
540,22591,2,0.53,0.01,0.15555555555555556,0.15555555555555556,0.4666666666666667,0.2222222222222222
541,2640,11,0.52,0.0,0.2413793103448276,0.1724137931034483,0.3448275862068966,0.2413793103448276
542,1438,1,0.56,0.04,0.0,0.0,0.0,1.0
543,1352,2,0.44,0.03,0.5,0.0,0.5,0.0
544,24326,27,0.51,0.04,0.24390243902439024,0.2621951219512195,0.23628048780487804,0.2576219512195122
545,0,0,0.0,0.0,0.0,0.0,0.0,0.0
546,1082,1,0.49,0.71,0.0,0.0,1.0,0.0
547,3508,10,0.48,0.03,0.3142857142857143,0.3142857142857143,0.14285714285714285,0.22857142857142856
548,1086,1,0.51,0.73,1.0,0.0,0.0,0.0
549,3600,7,0.48,0.03,0.24,0.2,0.24,0.32
550,4976,13,0.47,0.01,0.3125,0.171875,0.21875,0.296875
551,3066,12,0.48,0.02,0.1111111111111111,0.16666666666666666,0.4444444444444444,0.2777777777777778
552,4368,8,0.44,0.03,0.3235294117647059,0.29411764705882354,0.20588235294117646,0.17647058823529413
553,1915,1,0.48,0.76,0.0,1.0,0.0,0.0
554,1914,2,0.58,0.01,0.0,1.0,0.0,0.0
555,3679,7,0.51,0.03,0.28,0.16,0.32,0.24
556,3366,14,0.57,0.0,0.10638297872340426,0.23404255319148937,0.3404255319148936,0.3191489361702128
557,0,0,0.0,0.0,0.0,0.0,0.0,0.0
558,1531,1,0.48,0.7,0.0,0.0,0.0,1.0
559,1269,1,0.48,0.02,0.0,0.0,1.0,0.0
560,2643,12,0.44,0.04,0.2903225806451613,0.12903225806451613,0.25806451612903225,0.3225806451612903
561,27455,29,0.45,0.03,0.27261306532663315,0.2236180904522613,0.24371859296482412,0.2600502512562814
562,28898,15,0.58,0.02,0.2540415704387991,0.24942263279445728,0.2678983833718245,0.22863741339491916
563,23657,4,0.43,0.02,0.22340425531914893,0.2978723404255319,0.23404255319148937,0.24468085106382978
564,28768,2,0.42,0.01,0.3157894736842105,0.17543859649122806,0.21052631578947367,0.2982456140350877
565,25801,19,0.49,0.01,0.22244897959183674,0.24693877551020407,0.2714285714285714,0.25918367346938775
566,23323,4,0.4,0.03,0.25806451612903225,0.22580645161290322,0.21505376344086022,0.3010752688172043
567,814,1,0.53,0.78,0.0,0.0,0.0,0.0
568,2949,7,0.4,0.01,0.35,0.25,0.15,0.25
569,29570,20,0.46,0.03,0.2470389170896785,0.27580372250423013,0.2131979695431472,0.2639593908629442
570,1763,1,0.4,0.76,1.0,0.0,0.0,0.0
571,24502,4,0.49,0.01,0.19387755102040816,0.2653061224489796,0.22448979591836735,0.3163265306122449
572,3164,10,0.58,0.0,0.0967741935483871,0.41935483870967744,0.25806451612903225,0.22580645161290322
573,1075,2,0.55,0.76,0.0,0.5,0.5,0.0
574,1091,2,0.57,0.7,0.5,0.0,0.0,0.5
575,22204,4,0.57,0.0,0.17045454545454544,0.3181818181818182,0.23863636363636365,0.2727272727272727
576,1226,2,0.5,0.01,0.5,0.0,0.5,0.0
577,3761,13,0.45,0.01,0.22916666666666666,0.22916666666666666,0.2708333333333333,0.2708333333333333
578,3490,12,0.45,0.04,0.3170731707317073,0.24390243902439024,0.24390243902439024,0.1951219512195122
579,1144,2,0.5,0.73,0.0,0.5,0.5,0.0
580,4933,7,0.45,0.02,0.17647058823529413,0.29411764705882354,0.29411764705882354,0.23529411764705882
581,893,2,0.46,0.79,1.0,0.0,0.0,0.0
582,1278,2,0.47,0.75,0.0,0.5,0.5,0.0
583,2685,10,0.58,0.03,0.07692307692307693,0.38461538461538464,0.23076923076923078,0.3076923076923077
584,23577,4,0.51,0.0,0.2553191489361702,0.23404255319148937,0.2872340425531915,0.22340425531914893
585,1344,1,0.5,0.72,0.0,0.0,0.0,1.0
586,1000,1,0.4,0.79,0.0,1.0,0.0,0.0
587,4839,13,0.48,0.04,0.1774193548387097,0.22580645161290322,0.25806451612903225,0.3387096774193548
588,4240,14,0.51,0.04,0.2542372881355932,0.15254237288135594,0.2711864406779661,0.3220338983050847
589,26740,23,0.47,0.04,0.25691056910569104,0.24227642276422764,0.26666666666666666,0.23414634146341465
590,3342,8,0.52,0.04,0.23076923076923078,0.23076923076923078,0.38461538461538464,0.15384615384615385
591,927,1,0.46,0.72,0.0,0.0,0.0,0.0
592,0,0,0.0,0.0,0.0,0.0,0.0,0.0
593,1782,1,0.55,0.79,0.0,0.0,1.0,0.0
594,1322,2,0.44,0.75,0.0,0.5,0.0,0.5
595,1906,2,0.49,0.0,0.0,0.3333333333333333,0.3333333333333333,0.3333333333333333
596,4546,7,0.43,0.02,0.1935483870967742,0.22580645161290322,0.2903225806451613,0.2903225806451613
597,27861,21,0.44,0.03,0.23247863247863249,0.24786324786324787,0.26495726495726496,0.2547008547008547
598,1826,1,0.4,0.04,0.0,0.0,0.0,1.0
599,3670,8,0.45,0.02,0.1724137931034483,0.1724137931034483,0.3103448275862069,0.3448275862068966
600,23636,3,0.57,0.03,0.21428571428571427,0.38571428571428573,0.22857142857142856,0.17142857142857143
601,2630,13,0.56,0.01,0.38235294117647056,0.20588235294117646,0.23529411764705882,0.17647058823529413
602,2687,13,0.5,0.02,0.4411764705882353,0.17647058823529413,0.23529411764705882,0.14705882352941177
603,3410,9,0.4,0.04,0.26666666666666666,0.1,0.36666666666666664,0.26666666666666666
604,3096,12,0.54,0.04,0.21621621621621623,0.1891891891891892,0.21621621621621623,0.3783783783783784
605,1756,1,0.49,0.74,0.0,0.0,0.0,1.0
606,0,0,0.0,0.0,0.0,0.0,0.0,0.0
607,21645,23,0.57,0.03,0.25553319919517103,0.2776659959758551,0.2776659959758551,0.1891348088531187
608,21873,4,0.41,0.03,0.27586206896551724,0.3333333333333333,0.1724137931034483,0.21839080459770116
609,872,1,0.53,0.77,0.0,0.0,0.0,0.0
610,1803,1,0.44,0.73,0.0,1.0,0.0,0.0
611,20417,27,0.48,0.04,0.21415607985480944,0.25226860254083483,0.24682395644283123,0.2867513611615245
612,0,0,0.0,0.0,0.0,0.0,0.0,0.0
613,1732,1,0.52,0.71,1.0,0.0,0.0,0.0
614,20464,3,0.54,0.02,0.2459016393442623,0.3442622950819672,0.19672131147540983,0.21311475409836064
615,0,0,0.0,0.0,0.0,0.0,0.0,0.0
616,1743,2,0.52,0.71,0.3333333333333333,0.0,0.3333333333333333,0.3333333333333333
617,1120,2,0.58,0.79,0.0,0.5,0.5,0.0
618,2718,8,0.5,0.01,0.2857142857142857,0.38095238095238093,0.19047619047619047,0.14285714285714285
619,3948,8,0.42,0.01,0.16129032258064516,0.22580645161290322,0.3225806451612903,0.2903225806451613
620,20725,4,0.57,0.03,0.21951219512195122,0.32926829268292684,0.23170731707317074,0.21951219512195122
621,4063,8,0.43,0.0,0.25,0.34375,0.1875,0.21875
622,2984,8,0.57,0.0,0.13043478260869565,0.4782608695652174,0.2608695652173913,0.13043478260869565
623,1982,2,0.54,0.7,0.0,0.3333333333333333,0.3333333333333333,0.3333333333333333
624,24050,24,0.48,0.0,0.2720970537261698,0.23570190641247835,0.25996533795493937,0.2322357019064125
625,27221,17,0.54,0.04,0.23809523809523808,0.21645021645021645,0.2943722943722944,0.2510822510822511
626,4918,7,0.47,0.02,0.29411764705882354,0.29411764705882354,0.20588235294117646,0.20588235294117646
627,23171,4,0.44,0.04,0.1956521739130435,0.25,0.33695652173913043,0.21739130434782608
628,2688,12,0.5,0.02,0.3125,0.3125,0.21875,0.15625
629,1701,1,0.48,0.74,0.0,0.0,1.0,0.0
630,27297,16,0.57,0.02,0.21559633027522937,0.24541284403669725,0.26605504587155965,0.27293577981651373
631,24505,3,0.5,0.01,0.2191780821917808,0.3287671232876712,0.2328767123287671,0.2191780821917808
632,23973,5,0.58,0.0,0.21008403361344538,0.2605042016806723,0.24369747899159663,0.2857142857142857
633,3334,11,0.57,0.02,0.2777777777777778,0.16666666666666666,0.3611111111111111,0.19444444444444445
634,3791,6,0.43,0.03,0.22727272727272727,0.3181818181818182,0.2727272727272727,0.18181818181818182
635,3224,11,0.41,0.0,0.22857142857142856,0.17142857142857143,0.2857142857142857,0.3142857142857143
636,1471,2,0.59,0.7,0.5,0.5,0.0,0.0
637,4365,10,0.57,0.03,0.32558139534883723,0.23255813953488372,0.20930232558139536,0.23255813953488372
638,4520,8,0.42,0.01,0.2222222222222222,0.19444444444444445,0.19444444444444445,0.3888888888888889
639,1117,2,0.49,0.78,0.5,0.0,0.5,0.0
640,1981,1,0.43,0.02,0.0,0.0,1.0,0.0
641,4633,8,0.43,0.01,0.4594594594594595,0.1891891891891892,0.13513513513513514,0.21621621621621623
642,904,2,0.47,0.02,1.0,0.0,0.0,0.0
643,20262,3,0.53,0.02,0.26666666666666666,0.2,0.2833333333333333,0.25
644,26923,4,0.58,0.02,0.2523364485981308,0.22429906542056074,0.2523364485981308,0.27102803738317754
645,0,0,0.0,0.0,0.0,0.0,0.0,0.0
646,0,0,0.0,0.0,0.0,0.0,0.0,0.0
647,1121,1,0.55,0.78,0.0,0.0,1.0,0.0
648,993,2,0.4,0.01,0.0,0.0,1.0,0.0
649,28062,21,0.46,0.02,0.24108658743633277,0.2546689303904924,0.2699490662139219,0.23429541595925296
650,2994,6,0.43,0.04,0.35294117647058826,0.11764705882352941,0.29411764705882354,0.23529411764705882
651,29721,24,0.5,0.02,0.2847124824684432,0.2300140252454418,0.22720897615708274,0.25806451612903225
652,20583,5,0.54,0.03,0.28431372549019607,0.23529411764705882,0.22549019607843138,0.2549019607843137
653,3708,12,0.46,0.03,0.25,0.22727272727272727,0.2727272727272727,0.25
654,27152,20,0.47,0.0,0.26519337016574585,0.22467771639042358,0.26519337016574585,0.24493554327808473
655,0,0,0.0,0.0,0.0,0.0,0.0,0.0
656,3243,13,0.49,0.03,0.2619047619047619,0.2619047619047619,0.23809523809523808,0.23809523809523808
657,29933,29,0.56,0.01,0.23387096774193547,0.26152073732718895,0.2626728110599078,0.24193548387096775
658,0,0,0.0,0.0,0.0,0.0,0.0,0.0
659,1466,1,0.47,0.76,0.0,1.0,0.0,0.0
660,1149,2,0.42,0.03,0.0,0.0,1.0,0.0
661,3222,10,0.54,0.03,0.25,0.3125,0.34375,0.09375
662,977,1,0.4,0.74,0.0,0.0,0.0,0.0
663,28841,20,0.5,0.03,0.2760416666666667,0.2482638888888889,0.24305555555555555,0.2326388888888889
664,22988,4,0.51,0.03,0.1978021978021978,0.21978021978021978,0.2967032967032967,0.2857142857142857
665,1843,1,0.55,0.77,1.0,0.0,0.0,0.0
666,4450,12,0.57,0.02,0.22641509433962265,0.16981132075471697,0.3018867924528302,0.3018867924528302
667,3071,8,0.55,0.02,0.20833333333333334,0.3333333333333333,0.16666666666666666,0.2916666666666667
668,1341,1,0.5,0.77,0.0,0.0,0.0,1.0
669,1951,2,0.4,0.01,0.3333333333333333,0.0,0.0,0.6666666666666666
670,20941,16,0.47,0.04,0.22686567164179106,0.27761194029850744,0.25671641791044775,0.23880597014925373
671,1925,1,0.43,0.01,0.0,0.0,1.0,0.0
672,28408,19,0.59,0.0,0.25788497217068646,0.22634508348794063,0.26716141001855287,0.24860853432282004
673,1873,1,0.55,0.71,0.0,0.0,1.0,0.0
674,1946,1,0.48,0.0,0.0,1.0,0.0,0.0
675,2929,13,0.49,0.0,0.34210526315789475,0.34210526315789475,0.15789473684210525,0.15789473684210525
676,1946,1,0.53,0.77,1.0,0.0,0.0,0.0
677,24526,23,0.47,0.01,0.22872340425531915,0.26595744680851063,0.2393617021276596,0.26595744680851063
678,1461,2,0.53,0.03,0.0,0.0,1.0,0.0
679,1011,1,0.4,0.74,1.0,0.0,0.0,0.0
680,897,1,0.56,0.73,0.0,0.0,0.0,0.0
681,4566,11,0.53,0.03,0.26,0.28,0.26,0.2
682,0,0,0.0,0.0,0.0,0.0,0.0,0.0
683,4319,11,0.56,0.02,0.3617021276595745,0.23404255319148937,0.23404255319148937,0.1702127659574468
684,3611,9,0.53,0.01,0.21875,0.3125,0.125,0.34375
685,22291,2,0.57,0.04,0.1590909090909091,0.25,0.29545454545454547,0.29545454545454547
686,1798,2,0.52,0.72,0.3333333333333333,0.3333333333333333,0.3333333333333333,0.0
687,25648,27,0.49,0.01,0.27601156069364163,0.23410404624277456,0.2254335260115607,0.26445086705202314
688,1546,1,0.49,0.04,0.0,0.0,0.0,1.0
689,1415,1,0.56,0.04,0.0,0.0,1.0,0.0
690,1855,1,0.48,0.75,1.0,0.0,0.0,0.0
691,4164,14,0.42,0.01,0.2413793103448276,0.22413793103448276,0.25862068965517243,0.27586206896551724
692,0,0,0.0,0.0,0.0,0.0,0.0,0.0
693,1885,2,0.44,0.74,0.3333333333333333,0.6666666666666666,0.0,0.0
694,1499,2,0.49,0.73,0.5,0.0,0.0,0.5
695,0,0,0.0,0.0,0.0,0.0,0.0,0.0
696,1079,1,0.45,0.01,0.0,0.0,0.0,1.0
697,4977,11,0.5,0.0,0.16666666666666666,0.2222222222222222,0.35185185185185186,0.25925925925925924
698,1953,1,0.58,0.73,0.0,0.0,1.0,0.0
699,24029,4,0.47,0.04,0.3229166666666667,0.17708333333333334,0.3229166666666667,0.17708333333333334
700,0,0,0.0,0.0,0.0,0.0,0.0,0.0
701,1214,1,0.55,0.04,1.0,0.0,0.0,0.0
702,27584,2,0.43,0.03,0.16363636363636364,0.16363636363636364,0.38181818181818183,0.2909090909090909
703,4986,13,0.44,0.0,0.203125,0.296875,0.234375,0.265625
704,1881,2,0.58,0.71,0.3333333333333333,0.0,0.6666666666666666,0.0
705,2835,14,0.53,0.04,0.3076923076923077,0.3076923076923077,0.28205128205128205,0.10256410256410256
706,24633,3,0.42,0.0,0.1917808219178082,0.1917808219178082,0.3150684931506849,0.3013698630136986
707,3601,14,0.42,0.02,0.22,0.2,0.34,0.24
708,2918,9,0.55,0.01,0.2692307692307692,0.34615384615384615,0.2692307692307692,0.11538461538461539
709,1437,2,0.45,0.04,0.0,1.0,0.0,0.0
710,21806,20,0.5,0.0,0.23853211009174313,0.23853211009174313,0.2775229357798165,0.24541284403669725
711,2670,12,0.41,0.0,0.15625,0.375,0.28125,0.1875
712,889,1,0.51,0.03,0.0,0.0,0.0,0.0
713,4594,12,0.52,0.04,0.18181818181818182,0.21818181818181817,0.32727272727272727,0.2727272727272727
714,4549,14,0.52,0.0,0.30158730158730157,0.15873015873015872,0.25396825396825395,0.2857142857142857
715,26290,4,0.45,0.03,0.22857142857142856,0.2761904761904762,0.24761904761904763,0.24761904761904763
716,1370,2,0.48,0.75,0.0,0.5,0.5,0.0
717,2815,10,0.42,0.01,0.32142857142857145,0.17857142857142858,0.32142857142857145,0.17857142857142858
718,3803,6,0.43,0.04,0.13636363636363635,0.18181818181818182,0.36363636363636365,0.3181818181818182
719,1759,2,0.43,0.71,0.3333333333333333,0.0,0.6666666666666666,0.0
720,0,0,0.0,0.0,0.0,0.0,0.0,0.0
721,3478,7,0.57,0.01,0.3333333333333333,0.16666666666666666,0.125,0.375
722,4200,14,0.57,0.02,0.20689655172413793,0.25862068965517243,0.3103448275862069,0.22413793103448276
723,2675,10,0.52,0.04,0.2692307692307692,0.34615384615384615,0.34615384615384615,0.038461538461538464
724,0,0,0.0,0.0,0.0,0.0,0.0,0.0
725,1097,1,0.45,0.04,0.0,0.0,0.0,1.0
726,1898,2,0.45,0.0,0.0,0.3333333333333333,0.0,0.6666666666666666
727,1110,1,0.4,0.7,0.0,1.0,0.0,0.0
728,1668,2,0.4,0.0,0.0,0.0,0.3333333333333333,0.6666666666666666
729,1942,2,0.46,0.78,0.3333333333333333,0.3333333333333333,0.0,0.3333333333333333
730,1863,1,0.48,0.02,0.0,0.0,1.0,0.0
731,1414,1,0.45,0.02,1.0,0.0,0.0,0.0
732,1066,2,0.48,0.76,0.5,0.5,0.0,0.0
733,3235,12,0.57,0.02,0.23684210526315788,0.23684210526315788,0.23684210526315788,0.2894736842105263
734,3306,8,0.54,0.03,0.34615384615384615,0.15384615384615385,0.19230769230769232,0.3076923076923077
735,1418,2,0.47,0.75,0.5,0.0,0.5,0.0
736,2780,10,0.58,0.0,0.2962962962962963,0.3333333333333333,0.2222222222222222,0.14814814814814814
737,1712,1,0.45,0.01,0.0,0.0,0.0,1.0
738,3388,10,0.59,0.01,0.24242424242424243,0.21212121212121213,0.24242424242424243,0.30303030303030304
739,4487,12,0.53,0.0,0.3018867924528302,0.1509433962264151,0.33962264150943394,0.20754716981132076
740,1384,1,0.53,0.72,0.0,0.0,1.0,0.0
741,1594,1,0.46,0.72,0.0,1.0,0.0,0.0
742,1745,2,0.43,0.02,0.0,0.6666666666666666,0.0,0.3333333333333333
743,20545,5,0.42,0.04,0.2647058823529412,0.18627450980392157,0.2549019607843137,0.29411764705882354
744,27021,20,0.42,0.02,0.2574074074074074,0.2611111111111111,0.23148148148148148,0.25
745,4200,6,0.54,0.04,0.2,0.16,0.12,0.52
746,0,0,0.0,0.0,0.0,0.0,0.0,0.0
747,1310,2,0.41,0.7,0.5,0.0,0.5,0.0
748,3098,14,0.56,0.01,0.23255813953488372,0.32558139534883723,0.3023255813953488,0.13953488372093023
749,22639,4,0.45,0.03,0.25555555555555554,0.25555555555555554,0.28888888888888886,0.2
750,3874,7,0.48,0.02,0.25925925925925924,0.18518518518518517,0.2222222222222222,0.3333333333333333
751,27047,3,0.4,0.01,0.25925925925925924,0.24691358024691357,0.18518518518518517,0.30864197530864196
752,25472,4,0.47,0.0,0.2376237623762376,0.2079207920792079,0.36633663366336633,0.18811881188118812
753,0,0,0.0,0.0,0.0,0.0,0.0,0.0
754,1065,1,0.49,0.04,0.0,0.0,1.0,0.0
755,1683,1,0.57,0.03,0.0,1.0,0.0,0.0
756,4850,8,0.5,0.01,0.3157894736842105,0.34210526315789475,0.13157894736842105,0.21052631578947367
757,1240,2,0.42,0.74,0.5,0.0,0.0,0.5
758,1401,2,0.48,0.02,0.0,0.5,0.0,0.5
759,3061,10,0.54,0.0,0.3,0.26666666666666666,0.23333333333333334,0.2
760,24303,24,0.57,0.03,0.2727272727272727,0.21783876500857632,0.2504288164665523,0.25900514579759865
761,3838,9,0.48,0.03,0.23529411764705882,0.29411764705882354,0.20588235294117646,0.2647058823529412
762,1177,1,0.45,0.74,1.0,0.0,0.0,0.0
763,0,0,0.0,0.0,0.0,0.0,0.0,0.0
764,27231,29,0.57,0.02,0.24081115335868186,0.27756653992395436,0.2534854245880862,0.22813688212927757
765,2794,10,0.46,0.02,0.37037037037037035,0.2222222222222222,0.2222222222222222,0.18518518518518517
766,1440,2,0.4,0.04,1.0,0.0,0.0,0.0
767,3449,10,0.4,0.04,0.3235294117647059,0.35294117647058826,0.14705882352941177,0.17647058823529413
768,27364,19,0.48,0.0,0.23892100192678228,0.26204238921001927,0.279383429672447,0.21965317919075145
769,1903,1,0.55,0.02,0.0,0.0,0.0,1.0
770,1272,2,0.56,0.74,1.0,0.0,0.0,0.0
771,24572,2,0.54,0.02,0.14285714285714285,0.20408163265306123,0.20408163265306123,0.4489795918367347
772,0,0,0.0,0.0,0.0,0.0,0.0,0.0
773,2794,13,0.52,0.04,0.19444444444444445,0.3055555555555556,0.3611111111111111,0.1388888888888889
774,3854,12,0.52,0.01,0.1956521739130435,0.2608695652173913,0.2608695652173913,0.2826086956521739
775,3172,9,0.55,0.03,0.21428571428571427,0.32142857142857145,0.2857142857142857,0.17857142857142858
776,4592,10,0.46,0.0,0.35555555555555557,0.15555555555555556,0.28888888888888886,0.2
777,20531,17,0.47,0.01,0.2177650429799427,0.22063037249283668,0.30659025787965616,0.25501432664756446
778,1792,2,0.4,0.76,0.3333333333333333,0.0,0.3333333333333333,0.3333333333333333
779,4162,10,0.45,0.04,0.1951219512195122,0.2926829268292683,0.36585365853658536,0.14634146341463414
780,1647,2,0.54,0.72,0.3333333333333333,0.0,0.3333333333333333,0.3333333333333333
781,3059,6,0.52,0.02,0.3888888888888889,0.2222222222222222,0.2777777777777778,0.1111111111111111
782,1783,1,0.53,0.03,0.0,0.0,1.0,0.0
783,3095,14,0.43,0.01,0.27906976744186046,0.18604651162790697,0.27906976744186046,0.2558139534883721
784,836,2,0.5,0.76,0.0,1.0,0.0,0.0
785,1303,2,0.51,0.75,0.0,0.0,0.5,0.5
786,22293,4,0.48,0.01,0.3707865168539326,0.1797752808988764,0.24719101123595505,0.20224719101123595
787,1465,1,0.52,0.0,0.0,0.0,1.0,0.0
788,29704,4,0.54,0.0,0.288135593220339,0.2796610169491525,0.1864406779661017,0.2457627118644068
789,21639,4,0.51,0.02,0.22093023255813954,0.29069767441860467,0.2558139534883721,0.23255813953488372
790,1380,1,0.59,0.01,0.0,0.0,0.0,1.0
791,21968,2,0.43,0.04,0.32558139534883723,0.16279069767441862,0.27906976744186046,0.23255813953488372
792,0,0,0.0,0.0,0.0,0.0,0.0,0.0
793,893,2,0.43,0.01,0.0,0.0,1.0,0.0
794,3485,14,0.41,0.04,0.25,0.22916666666666666,0.3333333333333333,0.1875
795,4355,7,0.57,0.03,0.23333333333333334,0.16666666666666666,0.26666666666666666,0.3333333333333333
796,0,0,0.0,0.0,0.0,0.0,0.0,0.0
797,819,2,0.59,0.0,0.0,0.0,0.0,1.0
798,29748,2,0.44,0.02,0.288135593220339,0.2542372881355932,0.2542372881355932,0.2033898305084746
799,3321,10,0.53,0.0,0.18181818181818182,0.30303030303030304,0.21212121212121213,0.30303030303030304
800,23346,17,0.52,0.03,0.25757575757575757,0.2398989898989899,0.2222222222222222,0.2803030303030303
801,4275,12,0.4,0.04,0.2549019607843137,0.19607843137254902,0.2549019607843137,0.29411764705882354
802,4893,10,0.58,0.02,0.2708333333333333,0.20833333333333334,0.3125,0.20833333333333334
803,0,0,0.0,0.0,0.0,0.0,0.0,0.0
804,4891,8,0.56,0.03,0.1794871794871795,0.2564102564102564,0.28205128205128205,0.28205128205128205
805,1324,1,0.54,0.01,0.0,0.0,1.0,0.0
806,25073,24,0.54,0.0,0.24126455906821964,0.2911813643926789,0.2113144758735441,0.2562396006655574
807,26972,5,0.59,0.01,0.208955223880597,0.31343283582089554,0.29850746268656714,0.1791044776119403
808,1350,2,0.53,0.02,0.5,0.0,0.0,0.5
809,0,0,0.0,0.0,0.0,0.0,0.0,0.0
810,3648,9,0.53,0.01,0.28125,0.15625,0.25,0.3125
811,26263,3,0.56,0.01,0.2948717948717949,0.15384615384615385,0.2564102564102564,0.2948717948717949
812,20557,15,0.55,0.0,0.2435064935064935,0.2532467532467532,0.24025974025974026,0.262987012987013
813,4873,9,0.43,0.04,0.27906976744186046,0.23255813953488372,0.27906976744186046,0.20930232558139536
814,3967,7,0.41,0.03,0.37037037037037035,0.4074074074074074,0.07407407407407407,0.14814814814814814
815,1726,2,0.55,0.76,0.6666666666666666,0.0,0.3333333333333333,0.0
816,20170,19,0.45,0.02,0.2454308093994778,0.2454308093994778,0.2454308093994778,0.26370757180156656
817,2786,12,0.46,0.01,0.36363636363636365,0.18181818181818182,0.12121212121212122,0.3333333333333333
818,1433,2,0.4,0.03,0.0,0.0,0.5,0.5
819,2567,12,0.59,0.01,0.16666666666666666,0.2,0.26666666666666666,0.36666666666666664
