"Customer.ID","frequency","recency","monetary"
12346,10,13.8680555555556,10
12349,5,67.0611111111111,-4.83
12358,17,63.2625,84.1076470588235
12359,36,54.9430555555556,21.1302777777778
12361,7,13.9861111111111,15.6
12362,1,70.1715277777778,130
12370,25,0.191666666666667,22.5184
12373,21,5.08958333333333,20.852380952381
12382,1,13.9111111111111,-18.38
12396,65,6.03819444444444,14.3296923076923
12402,11,2.06666666666667,17.4272727272727
12404,1,13.9111111111111,63.24
12406,25,29.0090277777778,35.248
12417,48,27.1909722222222,14.8375
12422,5,53.0645833333333,15
12424,4,63.2013888888889,-6.1875
12431,58,25.1944444444444,19.315
12435,1,69.0131944444445,1008
12437,158,0.208333333333333,18.7010759493671
12439,75,14.0875,14.7264
12440,21,49.0930555555556,27.0719047619048
12443,21,63.9409722222222,23.11
12454,1,13.9118055555556,-26.25
12455,89,53.0722222222222,18.3868539325843
12466,1,13.9104166666667,56.73
12468,28,14.1722222222222,15.5585714285714
12470,23,21.1361111111111,9.21521739130435
12471,213,0.161805555555556,21.0580281690141
12472,118,1.15486111111111,16.3464406779661
12483,8,9.03125,32.7125
12484,66,11.1680555555556,9.97651515151515
12487,3,62.1118055555556,86.6
12490,69,0.111111111111111,21.876231884058
12497,1,13.8722222222222,-36.75
12500,48,4.20069444444444,10.9558333333333
12510,56,6.20902777777778,27.0060714285714
12523,27,0.06875,16.7040740740741
12524,7,0.983333333333333,79.8428571428571
12525,3,67.1715277777778,-15.25
12531,116,12.1486111111111,15.2916379310345
12533,57,29.0972222222222,13.4757894736842
12539,207,48.025,24.8746859903382
12540,56,8.16944444444444,28.73
12549,34,13.1541666666667,34.0991176470588
12555,1,13.9104166666667,129.23
12557,3,54.1513888888889,650.88
12570,1,13.8673611111111,77.52
12577,13,67.7819444444444,16.1961538461538
12583,23,65.0972222222222,35.5408695652174
12586,19,55.0430555555556,22.2289473684211
12589,43,21.0770833333333,16.6395348837209
12600,24,13.8888888888889,37.2966666666667
12606,1,13.9125,21
12609,17,51.0326388888889,19.4470588235294
12613,70,25.0798611111111,17.8922857142857
12615,1,70.0888888888889,-5.95
12621,18,0.0944444444444444,15.2466666666667
12623,61,28.0979166666667,24.7167213114754
12631,32,24.9770833333333,23.068125
12636,1,70.1819444444444,141
12644,58,1.99305555555556,13.9608620689655
12645,21,0.144444444444444,17.7928571428571
12647,79,0.0930555555555556,31.8035443037975
12648,11,32.81875,18.7045454545455
12649,19,22.0090277777778,19.4289473684211
12664,4,58.1590277777778,137.27
12665,8,0.9625,21.1
12668,99,8.93888888888889,17.7347474747475
12677,2,63.9854166666667,-2.9
12678,39,32.1194444444444,59.2384615384615
12681,168,0.0479166666666667,20.2533928571429
12682,106,6.21805555555556,24.9199056603774
12683,75,0.129166666666667,20.7688
12696,1,13.9013888888889,-50.76
12703,42,12.0423611111111,12.9530952380952
12705,3,68.1604166666667,-13.8333333333333
12706,1,13.9111111111111,-91.89
12708,35,18.0784722222222,15.1177142857143
12709,58,13.9020833333333,60.7189655172414
12711,28,8.11597222222222,19.6178571428571
12712,41,4.21041666666667,13.1556097560976
12714,130,31.9083333333333,20.4064615384615
12733,71,21.0375,15.9185915492958
12745,1,13.9131944444444,201.56
12746,2,62.88125,-5.95
12747,26,55.0986111111111,38.4692307692308
12748,285,7.01458333333333,8.81505263157895
12755,4,25.0972222222222,-51.45
12758,79,69.9840277777778,31.0718987341772
12759,22,67.1458333333333,23.1027272727273
12779,22,68.2861111111111,16.9009090909091
12785,19,63.0145833333333,19.3105263157895
12789,2,25.0909722222222,44.625
12792,1,13.9041666666667,-13.13
12800,24,8.04236111111111,16.8054166666667
12805,9,6.21597222222222,29.6111111111111
12810,10,8.18402777777778,15.966
12813,7,24.8923611111111,34.8857142857143
12820,26,27.2215277777778,18.5880769230769
12823,1,11.0590277777778,416.5
12826,9,13.8694444444444,49.7433333333333
12835,188,4.02708333333333,9.10196808510638
12836,41,19.0298611111111,16.679756097561
12839,58,14.0583333333333,16.9048275862069
12840,12,3.91180555555556,12.175
12842,3,69.2513888888889,132.4
12843,26,12.8791666666667,3.56692307692308
12846,1,13.9083333333333,15.58
12848,16,7.06388888888889,13
12853,21,4.09722222222222,19.6666666666667
12854,45,60.0569444444444,11.6742222222222
12857,11,12.9520833333333,18.2590909090909
12858,1,13.9090277777778,-26.19
12860,17,24.9548611111111,3.26294117647059
12867,38,54.9111111111111,7.78
12869,37,13.0881944444444,9.12621621621622
12872,92,11.9986111111111,7.10869565217391
12873,14,13.1854166666667,35.1714285714286
12875,2,29.0694444444444,152.64
12877,24,22.1625,12.47875
12896,1,62.2006944444444,-29.75
12905,32,10.9875,18.345625
12913,16,29.1618055555556,76.295625
12916,17,16.11875,22.3135294117647
12917,7,61.9965277777778,221.842857142857
12920,7,56.9298611111111,19.8428571428571
12921,128,13.0395833333333,25.0678125
12924,12,56.9409722222222,23.3625
12926,105,56.9875,3.72057142857143
12931,11,11.9305555555556,159.822727272727
12933,29,60.8972222222222,3.9651724137931
12934,2,68.1430555555555,90.825
12937,28,53.9819444444444,11.2346428571429
12939,2,28.1180555555556,247.5
12941,27,56.0451388888889,13.9811111111111
12948,9,62.1048611111111,28.0533333333333
12949,138,3.97916666666667,23.2479710144928
12951,10,30.0652777777778,16.83
12956,23,16.1555555555556,17.9921739130435
12957,52,53.8145833333333,20.8673076923077
12959,1,29.1722222222222,-17.6
12970,95,66.9986111111111,2.74357894736842
12971,6,19.0763888888889,67.4416666666667
12975,23,65.1520833333333,19.2013043478261
12978,98,19.0944444444444,14.7048979591837
12979,57,60.9305555555556,8.41298245614035
12980,6,28.9729166666667,246.8
12986,16,19.1472222222222,18.991875
12987,16,20.1805555555556,17.645625
12989,6,11.0972222222222,91.89
12992,6,56.8965277777778,15.5583333333333
12997,1,53.91875,-2.95
13000,31,56.8847222222222,16.0532258064516
13001,134,15.0895833333333,14.305223880597
13004,109,1.21597222222222,12.681376146789
13008,13,12.9527777777778,13.5815384615385
13009,4,4.07986111111111,58.5
13013,27,57.1548611111111,28.0188888888889
13019,19,61.0881944444444,23.4368421052632
13021,14,66.09375,16.6935714285714
13025,13,63.1770833333333,24.8761538461538
13026,24,49.1486111111111,13.8429166666667
13027,6,18.20625,96
13036,6,16.1125,51.1833333333333
13037,41,22.0041666666667,14.230243902439
13039,8,53.8986111111111,20.35
13042,145,6.93611111111111,7.04965517241379
13044,9,31.9798611111111,19.7055555555556
13047,26,32.2041666666667,33.4723076923077
13048,21,13.0569444444444,18.7904761904762
13050,42,20.0361111111111,15.3990476190476
13054,1,13.9118055555556,-14
13070,10,63.98125,14.64
13074,24,8.06527777777778,25.7541666666667
13077,54,53.9020833333333,11.8488888888889
13078,93,3.90694444444444,39.3310752688172
13081,274,33.1006944444444,21.7645255474453
13082,4,48.9423611111111,48.045
13085,62,11.1076388888889,32.5354838709677
13087,15,57.9590277777778,20.9093333333333
13089,184,0.109722222222222,38.5209239130435
13091,98,61.0645833333333,-4.59224489795918
13093,103,3.98055555555556,40.1808737864078
13097,164,14.0256944444444,10.7850609756098
13101,25,12.9361111111111,6.742
13107,30,5.14375,19.6216666666667
13110,43,22.0020833333333,12.2460465116279
13111,12,50.2201388888889,26.8233333333333
13112,1,62.8590277777778,-7.95
13114,16,62.18125,14.64875
13119,11,0.235416666666667,12.2636363636364
13131,36,0.1875,18.0947222222222
13136,30,13.8743055555556,17.378
13141,78,4.02916666666667,22.1138461538462
13148,88,18.9909722222222,9.03102272727273
13152,31,20.0423611111111,14.8070967741935
13154,18,67.2298611111111,18.7277777777778
13156,47,8.02222222222222,16.891914893617
13162,69,7.09930555555556,51.0102898550725
13173,51,7.94305555555556,15.3733333333333
13174,117,11.8625,13.2236752136752
13175,22,60.7861111111111,14.0181818181818
13178,78,22.9548611111111,15.5697435897436
13190,12,9.08541666666667,25.8458333333333
13192,46,5.99097222222222,15.62
13199,3,32.0916666666667,173.52
13202,8,62.1451388888889,40.025
13203,19,54.0013888888889,17.8894736842105
13204,57,62.9729166666667,16.9589473684211
13206,351,8.0125,13.6249002849003
13208,16,68.0361111111111,3.82
13209,7,15.9909722222222,36.7571428571429
13211,18,64.9534722222222,11.855
13225,23,54.2138888888889,61.9695652173913
13233,17,26.0048611111111,17.0958823529412
13234,63,4.10833333333333,5.66587301587302
13242,6,0.0451388888888889,19.5
13249,2,16.0875,38.2
13253,25,35.0861111111111,38.9756
13259,87,8.11111111111111,5.46643678160919
13266,11,54.1423611111111,26.8681818181818
13267,57,11.0215277777778,24.3778947368421
13269,27,54.1597222222222,19.5044444444444
13287,21,19.9951388888889,12.2757142857143
13289,16,55.1,19.246875
13293,17,0.0916666666666667,13.1764705882353
13304,17,1.06597222222222,18.1088235294118
13313,40,15.09375,17.18725
13315,22,20.9465277777778,14.1027272727273
13317,24,58.1291666666667,17.3675
13319,112,5.99375,24.026875
13327,57,13.86875,24.4354385964912
13329,19,66.9416666666667,17.6131578947368
13338,51,25.8666666666667,13.6254901960784
13360,27,25.8458333333333,25.4592592592593
13373,35,65.0715277777778,21.3834285714286
13381,3,69.9569444444444,0.383333333333333
13382,16,63.18125,15.94
13392,8,9.02986111111111,11.3925
13393,13,55.9451388888889,29.9769230769231
13394,76,1.93125,16.2475
13397,5,20.1854166666667,64.6
13403,3,55.0375,26.2
13405,3,56.0027777777778,48.82
13408,76,6.09652777777778,54.9788289473684
13410,8,27.2041666666667,83.4525
13413,5,18.8569444444444,3.498
13414,2,62.8798611111111,-5.95
13415,73,59.9979166666667,6.62219178082192
13416,7,68.0520833333333,32.6142857142857
13417,30,1.06805555555556,20.1366666666667
13418,20,60.0597222222222,40.588
13426,34,54.9590277777778,27.7138235294118
13427,6,54.0229166666667,16
13433,2,28.2208333333333,47.6
13442,25,34.9256944444444,12.644
13443,18,9.03263888888889,12.765
13448,125,12.1493055555556,13.1952
13455,28,11.0083333333333,14.4446428571429
13457,11,20.2284722222222,13.0245454545455
13459,40,14.0291666666667,15.76975
13462,26,21.1472222222222,14.52
13468,97,3.86597222222222,17.3078350515464
13473,9,55.8020833333333,43.1933333333333
13477,28,15.1006944444444,15.0964285714286
13478,26,5.99305555555556,14.3630769230769
13480,31,11.0708333333333,15.9335483870968
13481,16,67.0694444444444,19.45
13485,10,63.0861111111111,20.47
13487,6,66.1611111111111,17.325
13488,20,15.1694444444444,17.5365
13491,58,4.89444444444444,21.1618965517241
13495,21,55.1076388888889,38.9647619047619
13497,8,1.15972222222222,27.11875
13498,17,61.9520833333333,19.2576470588235
13510,42,8.12291666666667,15.4685714285714
13511,5,8.08819444444444,56.552
13514,10,13.9625,34.63
13520,15,54.1291666666667,39.2933333333333
13526,54,70.04375,17.4555555555556
13527,89,16.0736111111111,8.7038202247191
13528,1,13.8875,-40
13531,15,67.95625,20.78
13538,42,7.0625,14.8519047619048
13542,38,9.16041666666667,14.4910526315789
13543,21,18.9909722222222,28.0214285714286
13545,2,70.0666666666667,-13.645
13553,94,6.08055555555556,5.50851063829787
13555,66,21.0305555555556,12.3709090909091
13557,72,10.9763888888889,14.1172222222222
13562,56,5.93333333333333,28.5714285714286
13564,237,3.95347222222222,10.4220675105485
13571,12,63.0520833333333,9.27
13576,14,27.0972222222222,54.2592857142857
13577,25,54.0472222222222,11.4416
13583,43,11.0166666666667,15.4418837209302
13584,2,7.23125,0
13585,1,69.9729166666667,12.75
13589,15,65.1604166666667,17.9433333333333
13590,94,13.0604166666667,9.77255319148936
13591,2,56.9395833333333,26.6
13594,2,33.0361111111111,-12.45
13599,68,6.17638888888889,29.2447058823529
13610,75,14.0083333333333,6.14706666666667
13611,22,53.8465277777778,14.5740909090909
13615,53,11.9402777777778,15.2481132075472
13616,22,22.9729166666667,8.28409090909091
13619,23,6.00069444444444,4.46695652173913
13622,34,20.1576388888889,19.1602941176471
13623,100,19.0388888888889,10.2439
13628,16,7.98125,19.38375
13634,54,23.0069444444444,8.1537037037037
13635,41,49.1451388888889,19.1719512195122
13641,41,50.0819444444444,16.7612195121951
13643,13,53.8361111111111,22.0730769230769
13648,37,2.00416666666667,15.5008108108108
13650,24,14.23125,21.0470833333333
13654,8,69.1069444444445,19.9975
13658,53,4.04166666666667,18.5332075471698
13664,1,13.9069444444444,-13.14
13666,2,67.1451388888889,9.75
13668,11,20.0909722222222,75.5727272727273
13672,12,62.1090277777778,19.4608333333333
13679,21,66.8923611111111,6.03809523809524
13680,276,25.9784722222222,14.2328623188406
13693,47,16.1409722222222,19.2427659574468
13694,315,4.11458333333333,132.327142857143
13696,1,27.0895833333333,-11.7
13698,8,13.21875,23.0375
13700,12,2.12222222222222,2.25416666666667
13709,20,29.1506944444444,15.337
13711,56,15.9333333333333,16.74375
13727,11,33.1041666666667,20.3318181818182
13728,19,32.1277777777778,17.3210526315789
13729,20,15.9722222222222,17.894
13733,11,62.8277777777778,13.3272727272727
13735,94,19.0305555555556,10.936914893617
13736,117,65.0888888888889,6.06700854700855
13740,20,69.0798611111111,15.5845
13748,7,69.8979166666667,24.7285714285714
13749,2,32.8923611111111,-5.125
13753,16,68.1645833333333,40.1375
13756,43,19.9284722222222,9.51488372093023
13757,8,6.06944444444444,24.44375
13758,105,3.98819444444444,28.3942857142857
13762,8,30.0861111111111,55.92
13767,82,7.09375,46.0268292682927
13768,42,33.0354166666667,18.31
13769,10,55.0958333333333,21.425
13770,6,61.98125,29.055
13776,1,13.8930555555556,-13.12
13777,42,23.0659722222222,183.632380952381
13781,19,49.19375,16.1310526315789
13782,36,23.0333333333333,7.44388888888889
13783,3,5.02083333333333,162.96
13786,20,67.9479166666667,36.1545
13787,12,26.1694444444444,13.695
13798,83,1.93055555555556,66.6367469879518
13800,19,68.1763888888889,25.1947368421053
13807,9,63.8465277777778,9.22777777777778
13813,13,65.1673611111111,21.7807692307692
13819,68,0.949305555555556,21.9227941176471
13820,28,12.0770833333333,7.915
13821,93,25.0756944444444,7.44301075268817
13823,57,4.18611111111111,16.2189473684211
13825,22,61.9909722222222,6.51636363636364
13831,60,11.9340277777778,33.8586666666667
13834,17,1.05902777777778,7.42058823529412
13847,19,51.15,16.3536842105263
13848,1,61.9166666666667,480
13851,3,11.0993055555556,66.4333333333333
13854,16,7.09305555555556,30.4675
13855,46,33.1131944444444,16.3630434782609
13869,143,22.975,8.79986013986014
13870,31,1.08958333333333,19.7270967741935
13871,31,51.0472222222222,17.8709677419355
13872,17,57.18125,13.8335294117647
13874,5,4.81805555555556,24.49
13875,39,5.15277777777778,15.7684615384615
13877,9,21.1416666666667,17.2033333333333
13883,3,48.1784722222222,3.21666666666667
13889,18,17.9895833333333,17.7433333333333
13890,14,60.0472222222222,15.05
13895,42,68.0472222222222,19.7857142857143
13897,23,9.02013888888889,20.985652173913
13901,14,19.0541666666667,18.7364285714286
13902,25,18.9625,294.6344
13905,14,32.9395833333333,19.7964285714286
13907,4,23.0798611111111,34.2
13915,2,63.0243055555556,-19.8
13916,23,7.17430555555556,15.1826086956522
13921,7,53.0819444444444,14.6785714285714
13929,2,26.2861111111111,89.85
13931,86,57.0104166666667,18.9541860465116
13941,16,13.1,69.57125
13946,26,67.1319444444444,10.7769230769231
13948,7,67.0854166666667,22.2357142857143
13952,32,33.0173611111111,38.02625
13953,2,5.07708333333333,562.5
13958,37,49.1423611111111,19.4459459459459
13965,24,0.920833333333333,30.9275
13971,14,14.1847222222222,19.0871428571429
13975,110,7.04444444444444,4.956
13976,16,0.0479166666666667,17.213125
13979,13,68.1770833333333,15.6753846153846
13982,55,20.0083333333333,15.1281818181818
13983,50,24.8951388888889,25.2154
13984,27,2.11666666666667,13.6951851851852
13985,15,0.0145833333333333,14.9566666666667
13993,38,0.0590277777777778,20.2578947368421
13995,6,53.0652777777778,23.95
13999,44,30.0145833333333,23.0306818181818
14000,2,69.1854166666667,96
14003,16,64.225,13.088125
14013,4,63.8388888888889,-19.5875
14016,66,7.14583333333333,29.2559090909091
14030,121,4.83402777777778,12.0903305785124
14031,168,17.8645833333333,36.0067857142857
14032,47,12.99375,19.2453191489362
14037,54,13.9729166666667,6.96703703703704
14038,29,5.22291666666667,24.2948275862069
14040,89,5.02708333333333,16.0959550561798
14042,21,56.9652777777778,20.5704761904762
14043,21,60.93125,7.68380952380952
14044,66,15.9604166666667,3.71469696969697
14045,2,32.1729166666667,198
14047,19,8.175,27.8021052631579
14051,34,6.18125,60.6447058823529
14055,9,54.9625,30.48
14057,17,68.0416666666667,7.03176470588235
14061,18,55.8479166666667,30.7461111111111
14062,56,25.9416666666667,51.7942857142857
14063,38,18.1173611111111,249.25
14064,32,19.0381944444444,12.8796875
14068,27,9.17152777777778,18.0655555555556
14070,42,16.0763888888889,7.775
14079,1,13.8736111111111,243.63
14080,41,62.0104166666667,10.1134146341463
14081,368,4.92013888888889,4.97771739130435
14083,7,53.1131944444444,9.16714285714286
14085,189,50.13125,9.76037037037037
14087,66,66.9368055555556,3.13166666666667
14091,4,30.025,1380
14092,22,27.0805555555556,19.3204545454545
14095,1,54.0611111111111,2.95
14099,79,10.9861111111111,10.1944303797468
14105,21,52.8888888888889,30.7761904761905
14106,1,69.0055555555556,214.8
14107,9,61.9979166666667,18.14
14108,20,62.9527777777778,22.3525
14110,35,9.11944444444444,28.0277142857143
14112,3,53.8479166666667,-5.88333333333333
14113,30,21.0680555555556,28.5063333333333
14119,3,49.9756944444444,22.16
14122,4,53.7930555555556,31.66
14123,24,64.9458333333333,18.1741666666667
14130,64,59.9055555555556,5.59875
14133,8,65.0881944444444,38.1875
14134,24,55.8229166666667,72.7183333333333
14135,24,60.0243055555556,60.4304166666667
14136,43,3.97430555555556,13.7751162790698
14137,14,13.1638888888889,21.0071428571429
14146,69,6.15138888888889,16.4363768115942
14151,45,4.94583333333333,14.8155555555556
14154,38,27.0625,13.9563157894737
14156,559,1.99305555555556,120.386672629696
14159,99,68.0736111111111,3.97626262626263
14160,72,0.206944444444444,79.5811111111111
14161,44,58.1048611111111,11.4802272727273
14167,14,12.9236111111111,10.8535714285714
14171,6,62.01875,22.5
14173,2,62.0590277777778,2.275
14191,3,60.1451388888889,-21.2
14194,52,14.0166666666667,21.5551923076923
14198,8,35.1736111111111,16.90625
14204,54,69.0354166666667,6.87537037037037
14207,2,19.1972222222222,78.9
14209,17,18.1590277777778,14.5882352941176
14210,38,34.1666666666667,16.5239473684211
14211,24,14.1145833333333,16.9895833333333
14215,64,19.2465277777778,19.67359375
14221,1,67.1590277777778,-5.95
14225,21,20.1451388888889,29.6
14227,31,1.19375,14.13
14238,2,66.1381944444445,79.55
14239,25,28.1138888888889,18.988
14241,2,27.9625,60
14249,24,10.9972222222222,13.6645833333333
14256,57,20.1527777777778,16.3912280701754
14258,49,12.9763888888889,88.4669387755102
14267,2,32.9465277777778,-9.95
14274,15,18.0597222222222,17.1066666666667
14277,54,26.9784722222222,-3.21166666666667
14279,2,12.9048611111111,55.25
14285,3,13.90625,8.47333333333333
14286,81,56.9777777777778,19.4493827160494
14290,43,20.0923611111111,16.8093023255814
14291,24,62.1465277777778,17.02125
14292,1,70.0819444444444,-17.9
14293,35,18.96875,33.3071428571429
14295,18,62.0493055555556,33.2694444444444
14298,89,3.96736111111111,37.5988764044944
14299,58,13.1506944444444,58.8948275862069
14302,2,69.2506944444444,57.3
14306,10,9.02430555555556,30.208
14307,34,4.85208333333333,15.2229411764706
14319,1,60.0958333333333,-17.9
14320,15,19.10625,14.4146666666667
14324,23,25.0319444444444,15.7308695652174
14327,37,5.96527777777778,17.1989189189189
14329,61,15.19375,15.547868852459
14337,36,63.0090277777778,-18.2952777777778
14341,35,53.8006944444444,16.7068571428571
14343,64,21.8958333333333,3.90859375
14347,6,68.1444444444444,13.7666666666667
14358,1,13.8701388888889,-15.76
14365,29,13.1895833333333,11.1896551724138
14370,15,8.2375,17.1366666666667
14372,1,57.0236111111111,-29.9
14376,18,14.9451388888889,11.97
14380,1,13.8791666666667,48.96
14388,22,20.0993055555556,14.6495454545455
14389,8,60.7944444444444,-2.375
14396,79,16.0548611111111,9.82037974683544
14399,47,6.04722222222222,9.43404255319149
14401,25,52.96875,33.2412
14404,36,22.9381944444444,9.19388888888889
14408,8,64.0826388888889,40.125
14413,10,13.9083333333333,46.55
14415,50,55.00625,10.3906
14420,25,3.99097222222222,15.718
14421,45,15.0388888888889,22.4166666666667
14422,41,35.0222222222222,16.4746341463415
14423,1,26.1027777777778,244.8
14425,26,54.1,16.2419230769231
14431,25,19.1444444444444,21.49
14439,59,15.1868055555556,66.7640677966102
14440,28,18.1069444444444,54.7303571428571
14441,19,22.1506944444444,19.4442105263158
14442,28,12.1777777777778,29.3875
14451,23,23.1541666666667,4.92739130434783
14454,51,2.08472222222222,6.22156862745098
14460,9,10.9805555555556,13.6044444444444
14461,59,22.0618055555556,5.22694915254237
14465,26,12.1729166666667,22.7007692307692
14466,38,26.0875,11.5960526315789
14467,17,69.0645833333333,6.46117647058824
14468,12,65.0805555555555,17.02
14469,29,11.1284722222222,15.1431034482759
14471,27,64.0770833333333,7.73444444444444
14472,52,21.0472222222222,5.60346153846154
14477,2,35.9416666666667,80.85
14478,32,14.0493055555556,18.08375
14479,33,65.0201388888889,10.7615151515152
14480,18,32.9138888888889,16.6444444444444
14481,43,9.06527777777778,9.68186046511628
14483,4,68.1673611111111,30
14484,21,54.1388888888889,20.7357142857143
14494,1,63.0361111111111,114.3
14497,11,5.17916666666667,20.1536363636364
14505,151,49.95625,8.4958940397351
14507,22,60.8756944444444,6.09363636363636
14512,9,64.0194444444444,17.0311111111111
14514,87,15.0381944444444,15.9698850574713
14519,39,15.1243055555556,5.28435897435897
14522,6,16.0152777777778,33.3666666666667
14525,40,21.0604166666667,14.91125
14527,653,1.07847222222222,12.9259877488515
14530,30,19.1194444444444,6.651
14532,71,9.12083333333333,11.0453521126761
14538,15,14.9409722222222,30.1733333333333
14540,131,7.95416666666667,8.65656488549618
14541,24,33.0958333333333,8.44708333333333
14543,28,54.0923611111111,45.3571428571429
14545,23,5.95416666666667,15.1847826086957
14546,155,2.10347222222222,6.4321935483871
14548,56,65.0076388888889,12.1478571428571
14549,55,69.0076388888889,5.74945454545455
14551,6,13.0909722222222,24.8083333333333
14555,9,53.1097222222222,32.2944444444444
14556,77,20.1027777777778,4.5287012987013
14558,12,11.9708333333333,31.0125
14560,44,1.09652777777778,32.205
14562,31,2.00486111111111,4.18387096774194
14564,43,61.0006944444444,21.9855813953488
14573,28,31.9048611111111,8.45714285714286
14574,11,64.0659722222222,13.0636363636364
14577,38,13.0875,8.51947368421053
14590,81,1.09305555555556,13.1107407407407
14593,69,62.0486111111111,5.89391304347826
14595,20,20.0125,10.1175
14605,34,63.0111111111111,6.36029411764706
14606,788,0.869444444444444,4.25562182741117
14607,61,4.12152777777778,82.0640983606557
14608,5,60.9493055555556,116.244
14609,1,0.186805555555556,53.28
14613,1,12.0520833333333,76.32
14621,29,15.2145833333333,16.4827586206897
14625,69,7.22222222222222,14.9017391304348
14626,31,33.1208333333333,24.8058064516129
14627,5,60.00625,-6.9
14628,23,14.9840277777778,16.4839130434783
14637,7,8.93402777777778,15.24
14640,24,4.00763888888889,9.99083333333333
14643,14,60.1006944444444,25.0485714285714
14644,11,67.9118055555556,30.7727272727273
14646,274,14.1611111111111,159.101423357664
14648,133,5.02986111111111,3.64736842105263
14649,102,20.0465277777778,5.18637254901961
14653,97,13.9083333333333,11.6085567010309
14654,27,70.0555555555556,9.14296296296296
14662,8,67.8958333333333,13.8375
14667,111,8.06736111111111,16.883963963964
14669,89,69.0493055555555,9.26044943820225
14670,56,64.0125,3.40125
14672,27,12.1138888888889,5.77259259259259
14679,21,62.8777777777778,20.892380952381
14680,291,0.102083333333333,13.245704467354
14682,22,3.97916666666667,17.5918181818182
14685,125,1.99305555555556,22.88552
14695,62,63.9861111111111,14.7827419354839
14701,80,16.0847222222222,6.265375
14702,121,11.7840277777778,9.40165289256198
14709,50,5.99583333333333,20.165
14710,19,61.8680555555556,3.86842105263158
14713,58,18.7958333333333,6.02120689655172
14714,20,19.1013888888889,7.2705
14715,18,21.0826388888889,15.9127777777778
14717,12,65.05,6.06666666666667
14723,17,67.1215277777778,8.33117647058823
14732,40,33.0402777777778,21.80875
14735,44,2.00694444444444,26.1536363636364
14738,12,64.1638888888889,25.9333333333333
14739,39,8.25277777777778,43.2982051282051
14748,1,70.0979166666667,-4.25
14750,32,67.8472222222222,3.5009375
14751,7,16.0277777777778,18.0642857142857
14754,43,22.1340277777778,8.35255813953489
14755,40,11.0152777777778,18.42125
14763,1,63.8458333333333,-9.95
14769,101,27.0840277777778,14.4061386138614
14771,19,68.1895833333333,15.1247368421053
14790,30,51.0208333333333,18.932
14796,48,11.0958333333333,9.88729166666667
14799,10,69.1243055555556,18.045
14817,3,62.8090277777778,-15.05
14819,12,49.9326388888889,2.55333333333333
14820,7,9.06111111111111,16.4571428571429
14821,3,7.93958333333333,29.8166666666667
14826,4,27.0479166666667,44.475
14828,27,12.2201388888889,110.531851851852
14831,85,11.9902777777778,19.4825882352941
14837,19,16.1645833333333,14.6147368421053
14838,4,68.1840277777778,29.775
14839,40,35.9083333333333,10.6265
14841,49,49.1854166666667,24.8122448979592
14849,28,30.1090277777778,17.7571428571429
14854,21,18.1868055555556,14.3838095238095
14861,43,4.88333333333333,13.3137209302326
14864,2,62.8819444444444,-24.375
14865,1,69.925,31.2
14867,20,6.17083333333333,20.5545
14869,22,50.9694444444444,16.8286363636364
14870,14,15.2166666666667,23.7535714285714
14871,29,56.1173611111111,11.0224137931034
14879,27,16.1125,6.85407407407407
14884,8,1.05625,15.075
14892,13,22.2215277777778,15.5653846153846
14894,4,55.0833333333333,73.3375
14895,45,60.075,37.7106666666667
14896,92,3.90069444444444,6.64239130434783
14897,19,55.8833333333333,15.8505263157895
14898,60,57.925,11.1443333333333
14905,13,67.9868055555555,19.8538461538462
14907,1,62.8208333333333,-12.6
14911,605,0.964583333333333,27.2230909090909
14912,1,13.9083333333333,39.67
14915,11,68.1666666666667,18.3690909090909
14925,1,63.0229166666667,-7.95
14940,10,64.9381944444444,18.201
14942,4,61.15625,17.3375
14949,14,10.9743055555556,14.2421428571429
14952,21,12.1743055555556,55.8038095238095
14954,41,34.9020833333333,4.07975609756098
14955,31,64.1125,5.28290322580645
14958,12,67.9270833333333,15.53
14961,104,57.0284722222222,25.0814423076923
14966,46,55.1041666666667,7.28521739130435
14967,5,68.0069444444444,47.25
14969,13,35.0652777777778,69.71
14977,4,57.1527777777778,7.9825
14979,53,67.0576388888889,8.29169811320755
14980,24,69.0055555555556,6.27833333333333
14983,30,20.8645833333333,6.10666666666667
14984,2,29.0381944444444,58.5
14986,51,15.9326388888889,6.34078431372549
14987,8,50.1270833333333,60.6375
14990,14,62.0319444444444,14.3028571428571
15002,95,14.10625,11.3724210526316
15003,181,0.0791666666666667,3.2392817679558
15005,180,21.9680555555556,5.85877777777778
15013,67,9.08472222222222,3.3710447761194
15015,75,1.09930555555556,6.95893333333333
15022,19,8.92708333333333,14.7921052631579
15023,70,5.93888888888889,9.81542857142857
15031,91,4.76319444444444,9.2432967032967
15032,6,60.9513888888889,250.9
15039,91,0.109027777777778,12.3862637362637
15044,168,14.0881944444444,17.0823214285714
15046,75,5.07986111111111,12.2144
15051,32,70.0333333333333,18.125625
15055,56,54.9368055555556,4.56017857142857
15057,11,65.9513888888889,27.6454545454545
15059,111,1.2,5.57765765765766
15061,102,4.86041666666667,170.399019607843
15064,21,48.9166666666667,15.4757142857143
15070,15,56.0194444444444,21.6533333333333
15073,28,13.2284722222222,17.1035714285714
15077,19,61.8798611111111,45.9726315789474
15078,34,49.1756944444444,21.9429411764706
15079,33,60.7895833333333,21.6993939393939
15082,6,0.1625,15.5583333333333
15085,9,61.1041666666667,38.6155555555556
15091,28,6.10208333333333,19.7892857142857
15093,61,27.9888888888889,24.6590163934426
15095,17,19.1944444444444,16.17
15100,9,20.1590277777778,13.7555555555556
15109,8,67.0722222222222,28.9
15115,15,49.1763888888889,12.5326666666667
15126,10,18.8805555555556,19.245
15137,22,3.93125,14.4077272727273
15144,6,58.1125,61.7
15152,30,26.9208333333333,17.1243333333333
15157,15,60.98125,29.88
15162,16,60.1152777777778,15.09375
15164,50,22.0298611111111,4.1276
15167,128,5.00277777777778,5.359609375
15169,49,58.1256944444444,7.26877551020408
15179,81,7.22708333333333,20.2462962962963
15181,2,62.8006944444444,-37.44
15182,1,10.9784722222222,-20.85
15184,11,55.0909722222222,11.1990909090909
15186,4,28.16875,40.85
15188,23,57.0326388888889,13.4969565217391
15191,21,20.0708333333333,16.3214285714286
15192,21,11.1694444444444,14.8209523809524
15194,59,53.9861111111111,24.7574576271186
15196,24,58.1270833333333,6.34375
15197,4,60.05625,29.49
15198,5,21.1777777777778,16.16
15203,60,12.0729166666667,12.4345
15209,13,61.86875,13.7676923076923
15218,28,14.1138888888889,12.9696428571429
15222,65,7.23125,15.458
15223,8,22.9743055555556,54.575
15224,5,19.8958333333333,15.43
15240,33,65.9722222222222,16.659696969697
15251,7,3.98263888888889,122.811428571429
15254,1,69.9979166666667,-14.95
15255,13,68.2131944444444,20.0338461538462
15259,19,14.1916666666667,15.9236842105263
15260,14,64.1520833333333,21.0607142857143
15265,17,69.88125,17.3023529411765
15266,11,13.8819444444444,25.6081818181818
15270,22,6.25138888888889,75.9572727272727
15279,23,7.16805555555556,15.31
15287,4,69.0861111111111,14.55
15291,25,4.09236111111111,91.824
15296,74,7.22847222222222,16.1186486486486
15298,42,20.1611111111111,17.7678571428571
15299,3,28.1131944444444,234.506666666667
15302,16,53.8597222222222,18.190625
15303,17,15.1909722222222,17.7764705882353
15309,22,60.8048611111111,11.6318181818182
15311,648,0.945138888888889,25.5512808641975
15312,34,20.0479166666667,17.2323529411765
15317,6,8.93194444444444,18.675
15321,26,6.1875,15.2619230769231
15324,8,32.9861111111111,17.5275
15326,90,4.18333333333333,10.4246666666667
15329,20,50.9652777777778,15.7505
15338,60,8.99444444444444,4.72383333333333
15339,26,1.02708333333333,5.20769230769231
15353,42,69.1138888888889,6.27833333333333
15357,1,13.8944444444444,-36.75
15358,76,20.0006944444444,14.5823684210526
15359,13,0.0743055555555556,10.4884615384615
15362,23,70.2145833333333,13.5108695652174
15365,13,4.89861111111111,25.0092307692308
15367,40,60.9979166666667,19.6405
15369,9,7.94236111111111,124.444444444444
15375,6,21.94375,10.16
15380,10,28.2027777777778,67.742
15382,40,67.0027777777778,38.08
15383,1,13.9118055555556,-10.5
15385,5,9.05208333333333,61.56
15389,2,13.0645833333333,427.4
15393,22,24.9513888888889,16.5095454545455
15394,11,55.8,27.0363636363636
15403,5,62.0638888888889,19.152
15409,12,33.1006944444444,9.76666666666667
15413,25,23.1138888888889,271.9488
15416,23,8.09861111111111,16.914347826087
15420,26,9.09097222222222,13.0938461538462
15421,45,11.0173611111111,16.6704444444444
15422,21,2.10069444444444,14.237619047619
15428,11,53.8548611111111,16.7672727272727
15434,19,15.9458333333333,15.0184210526316
15441,13,61.9736111111111,23.1976923076923
15446,35,58.0166666666667,3.52657142857143
15448,21,6.03333333333333,14.0080952380952
15456,55,27.0381944444444,11.2594545454545
15461,3,70.1125,-12.8
15465,41,4.07430555555556,25.2829268292683
15466,93,68.0756944444445,8.00225806451613
15479,9,64.9645833333333,16.3777777777778
15480,47,7.95763888888889,17.4082978723404
15482,12,4.15416666666667,-118.850833333333
15483,67,15.9409722222222,2.61582089552239
15484,33,65.9576388888889,20.8939393939394
15485,35,12.9583333333333,34.9405714285714
15487,14,11.0902777777778,16.5228571428571
15489,17,19.9145833333333,11.7058823529412
15494,68,60.7458333333333,13.3626470588235
15497,28,6.19027777777778,50.1967857142857
15498,77,53.9118055555556,42.1658441558442
15499,42,55.0833333333333,3.84761904761905
15503,53,58.1131944444444,2.26528301886792
15512,1,8.0375,39
15513,34,26.9708333333333,37.4558823529412
15514,92,48.0902777777778,15.9748913043478
15518,40,14.0527777777778,11.51325
15521,26,35.1652777777778,20.4507692307692
15523,24,61.1666666666667,46.2970833333333
15527,41,8.09444444444444,19.200243902439
15534,8,57.0618055555556,20.28125
15542,139,69.0909722222222,3.89014388489209
15544,33,11.9847222222222,14.0369696969697
15547,137,19.1222222222222,9.81226277372263
15549,25,12.91875,13.552
15550,74,6.99652777777778,9.46905405405406
15555,86,7.96111111111111,19.4801162790698
15562,28,57.9583333333333,12.8753571428571
15563,40,12.1118055555556,10.72
15564,3,7.92986111111111,11.68
15566,5,55.975,27.644
15571,16,65.0881944444444,7.39125
15573,49,60.9986111111111,5.67510204081633
15577,21,54.9743055555556,6.62380952380952
15580,16,2.12222222222222,6.230625
15581,248,16.0368055555556,3.62451612903226
15584,61,2.08402777777778,5.85311475409836
15586,25,32.1770833333333,27.2088
15588,4,9.08194444444444,144.9
15591,3,5.20625,13.7666666666667
15601,142,1.08263888888889,17.8954225352113
15602,25,12.0166666666667,15.01
15605,8,26.0097222222222,15.9625
15607,47,20.0215277777778,14.858085106383
15611,15,10.9833333333333,16.87
15614,1,70.1034722222222,-12.75
15615,75,11.8805555555556,23.8952
15622,1,33.0368055555556,-4.25
15623,22,21.15,29.0772727272727
15628,18,58.0263888888889,15.9044444444444
15633,27,24.8916666666667,18.4514814814815
15637,9,55.8493055555556,32.0977777777778
15638,1,13.10625,-17
15640,40,31.8993055555556,53.681
15641,69,16.14375,20.3646376811594
15642,6,61.1013888888889,17.63
15658,18,68.1236111111111,17.8694444444444
15660,3,3.92777777777778,36.3333333333333
15662,4,70.0194444444444,26.4625
15672,3,56.8923611111111,15.1
15674,22,62.88125,21.0209090909091
15680,45,15.9604166666667,14.0695555555556
15682,11,12.9486111111111,11.4754545454545
15684,12,26.0180555555556,7.7625
15691,6,64.9270833333333,17.05
15694,5,63.9402777777778,71.574
15695,18,13.1395833333333,19.3672222222222
15696,9,15.9868055555556,18.0722222222222
15697,14,21.2131944444444,17.625
15702,1,13.8708333333333,27.82
15711,7,16.0861111111111,15.2357142857143
15712,48,2.12569444444444,24.8458333333333
15713,18,55.1916666666667,13.5477777777778
15716,30,64.0659722222222,7.139
15719,146,12.9541666666667,6.89876712328767
15727,102,16.0868055555556,9.32078431372549
15732,16,5.17152777777778,14.4625
15738,68,3.99930555555556,22.0136764705882
15747,28,22.1222222222222,8.07428571428571
15750,79,54.9270833333333,5.9479746835443
15751,63,9.07013888888889,10.4546031746032
15755,39,27.0152777777778,17.5092307692308
15759,5,11.0013888888889,24.156
15766,6,13.9319444444444,33.6
15767,1,66.9729166666667,-14.85
15768,477,5.10902777777778,10.4055974842767
15769,14,29.1819444444444,282.857142857143
15771,10,25.0854166666667,31.625
15782,1,53.8520833333333,-7.65
15784,28,3.98263888888889,16.6496428571429
15785,38,5.99652777777778,19.2715789473684
15793,4,70.0576388888889,72.895
15794,15,68.0506944444444,51.8
15795,8,22.1152777777778,14.11875
15796,2,70.0826388888889,-18.29
15797,2,13.0451388888889,150.34
15798,20,13.0986111111111,18.314
15803,18,7.90833333333333,33.5444444444444
15805,45,14.1097222222222,23.8993333333333
15808,157,13.025,25.0950318471338
15810,22,4.83263888888889,12.9990909090909
15812,45,20.0722222222222,10.2706666666667
15822,18,64.9618055555556,24.9955555555556
15823,157,20.1118055555556,24.5835668789809
15827,14,26.9222222222222,14.8857142857143
15833,5,69.0958333333333,16.08
15838,1,56.1847222222222,495
15841,14,51.1694444444444,43.125
15845,14,13.98125,15.4314285714286
15850,32,58.0347222222222,3.3328125
15854,8,61.0895833333333,74.025
15856,86,4.95555555555556,50.8511627906977
15858,68,15.0604166666667,8.56338235294118
15860,42,58.1208333333333,7.03809523809524
15861,78,11.7729166666667,5.15064102564103
15862,126,54.1069444444444,4.6247619047619
15863,47,18.0020833333333,3.43297872340426
15865,58,35.0131944444444,12.3112068965517
15867,125,1.03402777777778,9.55736
15874,29,6.02986111111111,45.6948275862069
15878,29,65.0756944444445,7.3148275862069
15879,32,53.7659722222222,4.166875
15882,28,7.88333333333333,12.2453571428571
15884,15,67.8291666666667,15.7233333333333
15885,9,13.0354166666667,12.6555555555556
15889,104,54.0270833333333,3.62278846153846
15892,38,0.9125,3.37368421052632
15898,177,7.01944444444444,5.81333333333333
15903,3,26.1388888888889,-13.2666666666667
15910,38,19.1013888888889,2.74684210526316
15911,143,13.0618055555556,7.1679020979021
15912,53,20.0055555555556,9.76490566037736
15916,66,22.96875,7.82166666666667
15917,121,53.9395833333333,2.60603305785124
15920,19,57.0465277777778,6.39947368421053
15924,15,62.9701388888889,6.85466666666667
15935,22,62.8708333333333,-14.0372727272727
15943,6,9.13402777777778,20.95
15944,8,58.0555555555556,73.55
15945,23,24.8618055555556,15.2747826086957
15950,38,14.1097222222222,13.5831578947368
15953,22,0.0888888888888889,23.3877272727273
15956,1,58.1256944444444,326.4
15959,78,13.9020833333333,7.42935897435897
15965,2,68.1055555555556,84.75
15967,69,1.03680555555556,3.6136231884058
15971,6,55.8972222222222,-87.6866666666667
15983,92,58.1173611111111,13.0390217391304
15984,91,20.9388888888889,18.2163736263736
15989,38,68.9347222222222,3.76605263157895
15998,303,21.0847222222222,5.7306600660066
15999,1,67.0736111111111,20.4
16003,18,67.8097222222222,21.5483333333333
16004,20,15.0145833333333,22.737
16011,72,51.1194444444444,7.54555555555556
16013,20,26.0888888888889,83.0325
16014,78,9.06527777777778,3.30397435897436
16017,55,23.0833333333333,15.0609090909091
16018,20,64.0138888888889,9.789
16019,36,19.225,65.1225
16027,8,11.1166666666667,58.125
16029,26,11.1451388888889,520.943076923077
16047,1,13.9048611111111,107.14
16051,12,13.19375,15.7033333333333
16057,58,26.9243055555556,-0.592241379310345
16064,18,56.9208333333333,6.16666666666667
16067,52,4.05902777777778,37.6136538461538
16078,38,1.03333333333333,7.46815789473684
16081,26,6.06319444444444,4.07230769230769
16082,16,1.95902777777778,6.671875
16085,43,20.0097222222222,5.94511627906977
16086,27,69.0395833333333,10.5388888888889
16087,5,8.09305555555556,134.36
16094,2,60.0305555555556,-6.45
16098,6,56.1923611111111,25.7816666666667
16103,14,0.0395833333333333,28.6107142857143
16104,111,9.17291666666667,13.6413513513514
16109,13,30.1527777777778,25.2
16119,9,55.0979166666667,20.3777777777778
16124,21,64.1555555555556,22.047619047619
16125,105,15.1833333333333,10.7597142857143
16126,33,18.8979166666667,13.0966666666667
16127,35,58.0819444444444,4.14457142857143
16128,3,70.1020833333333,-14.65
16131,48,62.7965277777778,27.2389583333333
16137,28,11.9673611111111,15.0964285714286
16139,26,54.1201388888889,18.2976923076923
16143,17,19.9972222222222,17.0235294117647
16147,41,4.07708333333333,16.4546341463415
16148,3,53.7986111111111,-5.41666666666667
16150,17,19.2069444444444,19.3323529411765
16154,1,13.9125,-10.5
16156,28,21.0104166666667,27.2489285714286
16158,14,17.8965277777778,15.8192857142857
16159,12,68.1013888888889,26.4625
16161,14,1.13263888888889,15.5571428571429
16163,54,33.1138888888889,12.9875925925926
16166,12,23.0006944444444,19.9866666666667
16167,15,70.1465277777778,32.386
16168,20,3.97569444444444,19.7445
16186,21,61.9451388888889,18.54
16190,12,57.0958333333333,16.41
16191,9,49.1409722222222,38.6611111111111
16192,11,67.0756944444445,31.9363636363636
16195,16,55.0055555555556,20.203125
16197,4,55.10625,29.325
16200,258,20.0354166666667,11.0465503875969
16202,34,53.8451388888889,17.2711764705882
16204,14,19.9965277777778,14.8764285714286
16206,24,15.9527777777778,13.9675
16210,35,25.9833333333333,66.9811428571429
16212,15,1.95208333333333,17.4
16220,1,60.0284722222222,-10.17
16222,23,52.9902777777778,21.6739130434783
16225,13,2.06666666666667,13.9692307692308
16229,4,18.0763888888889,-8.125
16233,25,18.9395833333333,23.14
16246,24,1.07291666666667,6.95416666666667
16253,82,21.1229166666667,12.6893902439024
16255,41,16.0805555555556,7.25926829268293
16262,1,11.8986111111111,-45.72
16266,9,4.91388888888889,16.9077777777778
16277,23,65.1180555555556,8.20391304347826
16280,16,56.9361111111111,14.878125
16281,7,14.025,111.645714285714
16282,8,50.1006944444444,33.75
16287,7,21.1881944444444,32.3742857142857
16291,1,13.9104166666667,117.72
16293,19,60.1798611111111,17.1389473684211
16296,47,32.8222222222222,13.2502127659574
16300,79,7.10902777777778,5.31974683544304
16301,6,68.1645833333333,17.8883333333333
16304,25,26.2409722222222,15.2664
16308,1,55.9368055555556,960
16320,41,13.0333333333333,20.0768292682927
16321,18,70.1534722222222,0
16325,34,32.0597222222222,14.7052941176471
16326,32,12.0375,8.7209375
16327,143,3.86805555555556,10.3231468531469
16329,38,70.1131944444444,7.43315789473684
16335,134,23.1597222222222,7.64873134328358
16344,12,0.0840277777777778,17.425
16351,48,1.11388888888889,14.1458333333333
16353,20,5.89652777777778,59.3175
16365,11,57.0138888888889,17.1245454545455
16366,45,12.0534722222222,20.1975555555556
16383,73,5.04097222222222,6.30671232876712
16390,10,10.9527777777778,19.38
16393,130,70.0861111111111,2.82623076923077
16395,56,61.9263888888889,2.96
16400,42,63.06875,13.437619047619
16404,1,64.0729166666667,-12.75
16409,88,57.94375,5.9825
16410,5,65.9763888888889,26.064
16412,18,5.02152777777778,5.25277777777778
16414,6,26.1638888888889,21.515
16415,45,8.07430555555556,4.19222222222222
16419,19,0.0354166666666667,11.8094736842105
16422,18,1.93611111111111,98.0638888888889
16430,3,13.0638888888889,34.9833333333333
16434,27,11.0027777777778,17.9437037037037
16436,43,0.0402777777777778,5.62883720930233
16439,9,53.9965277777778,34.5222222222222
16442,37,58.1333333333333,4.19081081081081
16450,1,60.8,-30
16451,23,62.9,13.2130434782609
16452,10,25.0798611111111,19.368
16454,1,6.91597222222222,-5
16459,5,61.0659722222222,14.358
16467,15,34.1381944444444,118.113333333333
16470,32,60.0805555555556,6.24
16481,18,12.0201388888889,24.635
16485,30,65.0756944444445,20.6413333333333
16497,49,32.1576388888889,16.2395918367347
16510,46,23.0743055555556,14.9108695652174
16512,1,59.9902777777778,-33.9
16523,15,11.0201388888889,26.5553333333333
16524,14,23.0423611111111,7.23571428571429
16525,40,28.0868055555556,58.08475
16535,1,11.9520833333333,20
16541,39,67.0381944444444,10.7635897435897
16549,2,67.8458333333333,-5.1
16550,120,3.89722222222222,13.8811666666667
16551,26,0.936805555555556,21.2357692307692
16554,21,33.0652777777778,18.942380952381
16556,77,20.0020833333333,13.5811688311688
16558,9,67.8375,33.0055555555556
16560,59,54.0430555555556,15.2337288135593
16563,10,69.8208333333333,53.846
16569,22,4.90069444444444,51.9722727272727
16570,2,67.8604166666667,-31.495
16575,1,13.9076388888889,-10.49
16580,2,60.0673611111111,-2.5
16583,4,5.08263888888889,16.125
16585,5,27.0319444444444,17.864
16592,33,16.0180555555556,17.9569696969697
16593,8,51.0277777777778,32.35375
16595,129,23.0868055555556,4.0246511627907
16596,12,21.0680555555556,17.4025
16600,22,33.0215277777778,12.7890909090909
16605,1,55.8013888888889,60.48
16612,23,67.9326388888889,22.2117391304348
16620,50,69.9875,16.4474
16634,40,12.0944444444444,0
16641,24,33.0798611111111,13.475
16645,14,67.1861111111111,11.4564285714286
16655,66,8.94236111111111,4.77257575757576
16656,11,1.98472222222222,67.7945454545455
16660,2,26.1305555555556,70.8
16661,2,53.9430555555556,141.15
16663,1,61.0451388888889,165
16670,86,22.0763888888889,15.4760465116279
16673,20,10.9965277777778,9.4415
16684,23,8.18194444444444,294.234782608696
16686,40,64.9347222222222,4.1785
16694,3,54.9388888888889,32.7666666666667
16699,14,67.0319444444444,9.81428571428571
16700,65,14.9944444444444,15.9212307692308
16701,16,54.04375,45.13
16702,27,63.9006944444444,8.20444444444444
16703,1,63.00625,-15
16704,50,4.00208333333333,11.4762
16705,100,9.15138888888889,60.86471
16709,70,6.03680555555556,27.5164285714286
16710,178,1.04583333333333,6.7023595505618
16711,4,56.9923611111111,166.41
16713,164,13.0736111111111,7.15378048780488
16714,24,2.125,15.0133333333333
16717,29,53.8534722222222,12.3324137931034
16718,75,9.13611111111111,17.9236
16719,46,14.1694444444444,12.0432608695652
16720,51,53.8493055555556,3.39647058823529
16722,32,5.98680555555556,20.18375
16723,62,67.0375,7.42822580645161
16725,64,57.9326388888889,3.341875
16727,28,20.1451388888889,19.8192857142857
16732,49,28.1326388888889,15.2344897959184
16735,33,19.1083333333333,26.1157575757576
16736,90,55.1673611111111,18.3981111111111
16742,12,14.1055555555556,30.085
16746,73,0.165972222222222,32.3445205479452
16748,12,0.145138888888889,18.1125
16749,24,56.0083333333333,97.655
16755,50,6.16319444444444,8.6398
16763,21,69.9520833333333,16.802380952381
16768,17,64.1041666666667,13.2341176470588
16769,32,57.1243055555556,12.326875
16771,70,5.08958333333333,11.2618571428571
16772,31,32.06875,35.6209677419355
16773,24,64.9694444444444,5.73958333333333
16779,311,5.06666666666667,38.8805144694534
16781,22,1.01458333333333,14.1704545454545
16782,98,23.1347222222222,4.7384693877551
16787,38,30.1284722222222,6.35631578947368
16788,125,2.06736111111111,3.3492
16791,85,13.9944444444444,6.52282352941176
16792,42,36.0208333333333,5.03071428571429
16795,121,15.04375,5.03776859504132
16797,45,69.0305555555556,3.68733333333333
16798,41,60.7722222222222,4.82317073170732
16802,53,11.0229166666667,10.992641509434
16805,68,56.9583333333333,4.25
16822,12,17.9965277777778,14.0533333333333
16823,20,69.1805555555556,9.465
16830,31,7.22222222222222,14.7287096774194
16834,24,5.99513888888889,20.2291666666667
16840,8,6.06597222222222,11.82625
16841,11,28.1145833333333,26.6681818181818
16843,38,6.91736111111111,55.895
16853,2,62.8645833333333,-33.75
16858,41,25.0652777777778,24.0795121951219
16862,8,33.0555555555556,20.7
16867,6,21.2125,12.79
16873,14,0,29.25
16875,39,25.8777777777778,15.46
16883,12,67.0902777777778,9.07916666666667
16887,34,70.025,6.46529411764706
16888,31,7.87222222222222,10.2358064516129
16891,153,5.09027777777778,3.75156862745098
16892,15,62.9979166666667,6.50333333333333
16901,23,60.9076388888889,8.88086956521739
16905,39,12.08125,8.79974358974359
16908,21,54.0270833333333,7.31380952380952
16912,9,62.0729166666667,42.6444444444444
16917,1,60.0486111111111,-8.95
16918,43,68.0763888888889,5.15558139534884
16923,53,9.12708333333333,10.2628301886792
16928,3,6.07430555555556,37.4
16933,103,20.0083333333333,9.96310679611651
16940,53,63.0479166666667,12.3933962264151
16945,44,5.94652777777778,21.0229545454545
16950,17,16.11875,23.2117647058824
16952,34,60.0173611111111,7.41294117647059
16954,23,21.9777777777778,19.2665217391304
16955,8,9.11041666666667,35.8925
16961,1,67.1944444444444,-2.95
16964,6,65.0583333333333,34.6416666666667
16985,56,33.1215277777778,33.8767857142857
16986,157,4.94166666666667,16.5085987261146
16987,45,53.9430555555556,6.20022222222222
17012,42,56.8631944444444,9.14666666666667
17017,8,60.04375,30.975
17018,11,32.19375,64.4181818181818
17019,45,69.1006944444444,4.78133333333333
17023,10,28.9638888888889,14.235
17027,2,61.0881944444444,69.925
17028,17,52.9923611111111,18.1123529411765
17032,138,25.9375,12.220652173913
17035,2,68.1527777777778,27.3
17043,47,61.95625,8.09276595744681
17044,11,64.0777777777778,90.0436363636364
17047,22,63.2284722222222,14.6659090909091
17048,9,22.0152777777778,23.7255555555556
17050,8,13.9743055555556,37.6925
17056,8,70.0569444444444,16.075
17059,44,13.9819444444444,9.77954545454545
17063,25,70.0701388888889,11.1444
17066,18,58.0368055555556,12.6855555555556
17067,13,56.2347222222222,34.9646153846154
17069,35,62.9006944444444,14.1242857142857
17071,17,16.05,18.1182352941176
17075,24,14.0215277777778,15.1958333333333
17076,3,67.0868055555556,22.56
17082,30,56.11875,30.2733333333333
17083,7,0.104861111111111,77.2785714285714
17085,100,14.9166666666667,6.9229
17087,12,69.15,18.4608333333333
17091,13,54.9388888888889,21.0423076923077
17092,27,6.89583333333333,10.5614814814815
17095,12,53.8131944444444,24.5833333333333
17103,32,54.00625,13.259375
17107,80,8.9375,20.179875
17113,34,29.1680555555556,15.1652941176471
17115,56,11.9583333333333,22.5403571428571
17127,6,66.9576388888889,22.9916666666667
17130,1,13.8958333333333,-18.38
17137,69,9.07291666666667,5.80173913043478
17138,101,4.99861111111111,17.1146534653465
17139,10,29.1152777777778,59.5
17141,82,15.9951388888889,4.95658536585366
17142,27,15.9541666666667,8.35185185185185
17146,56,7.19305555555556,18.2785714285714
17147,9,29.19375,27.7333333333333
17150,24,54.1729166666667,13.1520833333333
17151,4,66.9729166666667,57.975
17155,22,63.0631944444444,12.38
17157,28,4.15625,70.055
17160,112,1.01875,15.0020535714286
17163,5,7.15138888888889,28.248
17165,37,7.04652777777778,18.7013513513514
17172,16,19.1090277777778,18.58875
17176,12,8.93611111111111,23.8616666666667
17178,32,62.9145833333333,13.6471875
17180,25,18.8569444444444,6.9464
17182,2,49.9548611111111,89.25
17184,3,62,16.85
17188,22,28.9472222222222,32.3868181818182
17189,37,55.0840277777778,12.0181081081081
17191,64,11.0166666666667,8.40328125
17193,2,66.9840277777778,7.2
17209,6,60.1083333333333,62.2
17211,82,8.01041666666667,11.5519512195122
17213,53,22.9770833333333,19.3524528301887
17218,33,14.9201388888889,11.749696969697
17220,46,20.0916666666667,7.50217391304348
17222,18,29.9534722222222,10.7916666666667
17227,13,24.9666666666667,16.0076923076923
17230,86,1.17222222222222,48.4759302325581
17231,165,4.77986111111111,6.00139393939394
17233,13,56.0930555555556,13.7969230769231
17238,79,60.1263888888889,7.0873417721519
17239,1,60.9298611111111,-12.75
17242,13,16.1597222222222,33.9430769230769
17243,232,9.16527777777778,20.8303017241379
17244,21,65.1180555555556,12.4119047619048
17245,16,20.9430555555556,12.51125
17246,4,69.8555555555556,5.87
17251,20,56.1534722222222,15.32
17262,1,56.11875,169.5
17268,8,63.1048611111111,19.4625
17270,15,63.8743055555556,25.9746666666667
17271,52,68.0194444444444,4.04596153846154
17281,1,5.05347222222222,112.5
17287,68,58.0652777777778,7.11926470588235
17290,3,58.0340277777778,18.8166666666667
17293,35,4.91597222222222,16.2854285714286
17294,17,0.920138888888889,27.5170588235294
17296,33,62.0111111111111,10.2463636363636
17307,3,20.0833333333333,26.4
17309,22,4.93611111111111,10.0040909090909
17311,21,6.06875,24.26
17314,11,9.10694444444444,22.7363636363636
17318,18,57.0458333333333,9.12666666666667
17319,3,0.9375,9.7
17320,19,18.9083333333333,17.0347368421053
17322,28,68.1048611111111,4.09107142857143
17323,32,30.0965277777778,4.6125
17324,7,52.95,14.4342857142857
17328,6,4.87916666666667,17.45
17329,72,62.8888888888889,6.685
17335,23,16.1263888888889,6.72913043478261
17340,6,62.8631944444444,-11.8166666666667
17342,15,1.20902777777778,20.8393333333333
17343,27,22.1583333333333,17.0788888888889
17344,38,60.0736111111111,7.73789473684211
17345,38,69.9166666666667,6.71868421052632
17350,21,7.94375,16.2976666666667
17351,20,18.8416666666667,22.3715
17352,5,27.9194444444444,7.25
17353,1,14.1104166666667,-8.5
17356,27,20.0854166666667,11.1696296296296
17361,29,7.98888888888889,13.5324137931034
17362,37,8.07777777777778,7.10594594594595
17364,149,24.9930555555556,11.6111409395973
17365,59,8.09791666666667,7.35169491525424
17368,52,55.8555555555556,3.94846153846154
17371,28,63.0666666666667,5.51035714285714
17372,105,8.95208333333333,7.37980952380952
17377,307,7.09652777777778,9.14550488599349
17388,1,61.1055555555556,228.96
17389,5,67.0909722222222,181.608
17400,78,53.9416666666667,10.2474358974359
17402,21,54.8555555555556,5.46428571428571
17404,13,20.2430555555556,106.034615384615
17406,36,5.10972222222222,19.2533333333333
17409,24,18.1902777777778,71.3366666666667
17411,21,49.1847222222222,14.7142857142857
17412,73,3.92916666666667,17.2793150684932
17414,5,67.8944444444444,47.936
17416,25,56.9083333333333,26.376
17419,5,15.0402777777778,43.14
17421,4,66.9402777777778,32.7
17428,51,54.8826388888889,62.8356862745098
17432,41,67.7944444444445,4.26463414634146
17436,5,60.0701388888889,13.77
17441,21,64.03125,13.9690476190476
17449,39,62.0006944444444,7.65846153846154
17454,11,24.9423611111111,14.4454545454545
17457,9,32.1548611111111,123.933333333333
17460,17,11.8347222222222,13.2170588235294
17465,65,7.88819444444444,16.5495384615385
17469,50,20.1444444444444,13.6466
17476,17,53.8513888888889,14.2623529411765
17485,6,69.9756944444444,-4.925
17487,8,59.9659722222222,20.06875
17496,17,26.0284722222222,20.8623529411765
17504,21,1.20486111111111,15.6547619047619
17508,83,25.975,17.7134939759036
17511,150,21.0736111111111,85.4393333333333
17512,33,60.7791666666667,26.2087878787879
17514,47,1.01180555555556,7.11021276595745
17519,28,18.0694444444444,21.8157142857143
17526,34,19.1923611111111,23.0608823529412
17529,59,29.075,14.5469491525424
17530,48,64.9166666666667,5.49333333333333
17531,1,62.8659722222222,-14.95
17536,3,14.0951388888889,11.5933333333333
17539,74,30.13125,6.11932432432432
17550,76,1.96527777777778,3.96789473684211
17557,1,64.1680555555556,34
17561,55,65.0333333333333,3.49581818181818
17572,4,56.1784722222222,15.5775
17576,113,20.8847222222222,10.3741592920354
17577,8,0.171527777777778,14.05
17581,72,7.09305555555556,16.0395833333333
17584,20,15.25,23.1025
17591,22,22.9222222222222,6.55
17592,26,70.1444444444444,0
17593,93,58.0923611111111,20.2950537634409
17596,79,56.0388888888889,6.04253164556962
17603,82,3.87013888888889,11.6909756097561
17604,38,13.0819444444444,4.13368421052632
17606,6,69.03125,14.55
17610,146,14.9652777777778,8.29623287671233
17611,152,16.0215277777778,6.2041447368421
17612,34,11.8770833333333,14.5029411764706
17618,19,16.1347222222222,22.9657894736842
17623,29,56.9868055555556,6.7948275862069
17624,22,51.0708333333333,14.4013636363636
17625,161,9.09930555555556,10.2418633540373
17627,1,60.7979166666667,-11.25
17631,22,0.0409722222222222,15.2618181818182
17632,2,48.9944444444444,-6.35
17638,2,53.1798611111111,304.2
17641,1,70.0708333333333,-6.95
17642,19,65.9277777777778,14.7905263157895
17645,1,60.0319444444444,-9.9
17646,27,11.9916666666667,26.7277777777778
17647,5,0.984027777777778,39.72
17660,44,68.9270833333333,3.71522727272727
17662,11,54.1826388888889,32.0909090909091
17663,1,67.825,-15
17672,1,13.8729166666667,114.89
17675,81,6.9875,35.0859259259259
17677,83,9.08472222222222,42.3024096385542
17679,26,20.0291666666667,28.7865384615385
17681,11,14.1756944444444,25.2363636363636
17690,14,5.99375,21.0464285714286
17695,13,12.2013888888889,23.3769230769231
17696,30,50.08125,21.189
17700,59,14.1201388888889,18.3893220338983
17706,67,11.0041666666667,33.6264179104478
17707,2,64.0819444444444,25.5
17716,27,68.8743055555556,19.2666666666667
17726,8,13.9715277777778,13.605
17731,25,0.0694444444444444,14.924
17739,27,29.0631944444444,50.8118518518519
17740,3,29.0458333333333,20.1
17742,22,0.176388888888889,22.6386363636364
17753,3,33.9979166666667,10.15
17754,59,25.8972222222222,17.883220338983
17757,19,26.93125,6.28315789473684
17764,30,67.9923611111111,6.48833333333333
17768,45,11.9326388888889,13.2282222222222
17769,25,21.1138888888889,10.832
17773,28,21.9895833333333,13.4375
17774,70,0.924305555555556,7.80214285714286
17776,53,53.8180555555556,3.94339622641509
17780,29,16.1222222222222,5.48620689655172
17794,7,18.1659722222222,21.0428571428571
17797,32,13.0854166666667,9.8353125
17799,138,17.9090277777778,6.9768115942029
17801,47,23.1152777777778,8.7168085106383
17802,63,57.0229166666667,7.85
17804,33,69.8951388888889,3.63181818181818
17807,47,36.0118055555556,4.03574468085106
17809,9,12.20625,157.3
17810,57,0.143055555555556,6.05017543859649
17816,7,55.9513888888889,3.51857142857143
17818,46,69.1131944444444,2.83
17819,4,47.8881944444444,289.275
17825,25,57.0840277777778,18.6984
17833,32,55.0256944444444,10.69875
17841,939,2.09722222222222,5.65401490947817
17848,13,25.7965277777778,19.6861538461538
17850,598,23.025,25.8865886287625
17851,189,24.9375,7.11428571428571
17852,47,56.1326388888889,8.09276595744681
17853,29,67.9638888888889,20.15
17854,15,63.1277777777778,9.06266666666667
17858,33,51.0625,34.4354545454545
17860,58,59.8909722222222,4.42568965517241
17861,161,12.9854166666667,6.89434782608696
17865,185,1.14583333333333,22.9023783783784
17866,4,56.9277777777778,37.375
17867,20,13.88125,3.749
17871,16,24.9784722222222,14.72
17873,48,4.89513888888889,26.9697916666667
17875,26,19.9493055555556,6.42692307692308
17876,1,7.05347222222222,777.4
17880,7,61.9194444444444,24.5142857142857
17884,142,8.05833333333333,5.8530985915493
17886,1,57.1430555555556,-9.95
17888,57,8.08611111111111,1.78245614035088
17905,34,7.94583333333333,11.7261764705882
17908,69,50.0944444444444,5.26391304347826
17909,9,69.0465277777778,14.7277777777778
17910,26,57.9256944444444,10.0653846153846
17913,74,53.1618055555556,8.50054054054054
17916,11,65.0048611111111,2.31454545454545
17920,328,6.97638888888889,20.0267073170732
17927,10,53.1347222222222,29.4
17929,2,62.1090277777778,196.2
17935,7,66.9888888888889,15.1785714285714
17940,7,10.9013888888889,445.577142857143
17941,1,33.9444444444444,414.72
17943,1,11.1319444444444,-165.03
17945,72,28.1090277777778,5.00486111111111
17949,32,3.98333333333333,166.0275
17950,8,35.8597222222222,16.65
17954,89,55.0638888888889,7.41494382022472
17958,29,59.9444444444444,16.0489655172414
17961,185,3.95902777777778,4.63405405405405
17962,102,26.9534722222222,3.75509803921569
17963,35,20.8694444444444,4.97485714285714
17965,208,1.04027777777778,7.56807692307692
17966,20,22.0284722222222,19.621
17969,100,4.14305555555556,9.1261
17978,43,29.0180555555556,6.71860465116279
17982,13,12.19375,10.6292307692308
17984,50,70.1013888888889,4.5892
17988,52,54.9555555555556,3.66
17990,5,63.9569444444444,66.54
17998,50,69.1770833333333,6.3838
18001,12,68.94375,14.7166666666667
18002,13,63.1319444444444,3.40923076923077
18006,5,54.0763888888889,14.28
18008,3,13.1090277777778,359.2
18012,13,55.0423611111111,8.86923076923077
18016,19,12.9284722222222,10.5894736842105
18036,49,21.9958333333333,5.14489795918367
18037,7,18.8916666666667,6.62857142857143
18041,58,22.0569444444444,12.7062068965517
18051,38,2.03263888888889,43.6757894736842
18057,20,22.0659722222222,14.866
18061,23,1.16666666666667,57.8765217391304
18064,3,7.96944444444444,150.8
18065,19,10.975,23.1
18070,10,1.03402777777778,30.775
18071,26,52.9965277777778,15.675
18077,41,51.1486111111111,13.0414634146341
18087,35,4.03888888888889,45.8657142857143
18092,20,48.20625,113.6235
18094,15,33.1256944444444,54.9613333333333
18097,11,54.1326388888889,15.5690909090909
18101,23,6.01736111111111,4.89130434782609
18102,154,3.90972222222222,550.515974025974
18106,55,25.1090277777778,5.53290909090909
18108,26,69.0625,18.9711538461538
18115,3,29.0972222222222,3.23333333333333
18134,18,26.0958333333333,16.7861111111111
18144,15,54.9305555555556,39.8333333333333
18145,32,35.1659722222222,21.054375
18162,47,64.0368055555556,8.06723404255319
18168,72,3.97222222222222,10.5134722222222
18170,27,4.01388888888889,20.7722222222222
18171,9,35.1465277777778,33.5777777777778
18172,7,60.1798611111111,33.3
18175,7,7.16111111111111,25.1571428571429
18177,8,55.8055555555556,41.8125
18181,59,66.9493055555556,5.06762711864407
18186,11,54.1631944444444,29.9618181818182
18190,20,10.9861111111111,13.416
18194,7,11.9493055555556,90.0457142857143
18199,21,7.23472222222222,16.2952380952381
18201,27,54.2236111111111,16.5751851851852
18203,14,63.0402777777778,7.79142857142857
18212,12,8.98263888888889,24.8583333333333
18219,10,64.0416666666667,15.172
18220,8,33.0347222222222,31.08
18223,135,1.17083333333333,19.5623703703704
18225,26,3.89930555555556,24.3788461538462
18229,6,21.0305555555556,110
18231,42,0.0465277777777778,18.0985714285714
18242,18,29.2277777777778,18.1411111111111
18251,23,49.0944444444444,142.820869565217
18252,30,29.0368055555556,22.3423333333333
18259,15,11.9013888888889,44.18
18260,6,56.01875,51.3966666666667
18267,17,4.23194444444444,15.8452941176471
18268,49,0.183333333333333,20.520612244898
18271,9,63.1180555555556,21.3944444444444
18275,9,62.9125,41.4044444444444
18276,16,60.8770833333333,13.628125
18286,17,55.1472222222222,27.2323529411765
18287,1,69.9986111111111,-5.1
NA,24627,0.208333333333333,9.91479798595038
